P,T,VL,VV,UL,UV,HL,HV,SL,SV
0.611656,0.009977501,0.0010002063,205.9977794,0,2374.911176,0.000516838,2500.910953,0,9.155492077
0.611657,0.01,0.001000206,205.9974595,0,2374.911207,0.000611782,2500.910995,0,9.155491474
0.62,0.196583464,0.001000194,203.3632956,0.787301241,2375.16862,0.787921361,2501.253863,0.002881153,9.15049709
0.64,0.634961693,0.001000167,197.321873,2.636587614,2375.773337,2.637227721,2502.059336,0.009641088,9.138796955
0.66,1.061365235,0.001000145,191.6382438,4.434733187,2376.361433,4.435393282,2502.842674,0.016203708,9.127462225
0.68,1.476472542,0.001000126,186.2812978,6.184671232,2376.93385,6.185351318,2503.605133,0.022580595,9.116470937
0.7,1.880904976,0.001000111,181.2234425,7.889085186,2377.491452,7.889785263,2504.347861,0.028782329,9.105803044
0.72,2.275233095,0.001000098,176.4401189,9.550436468,2378.03503,9.551156539,2505.071915,0.034818601,9.095440204
0.74,2.659982084,0.001000089,171.9093946,11.17098853,2378.565314,11.17172859,2505.778266,0.040698314,9.085365587
0.76,3.035636488,0.001000082,167.6116213,12.75282768,2379.082977,12.75358774,2506.467809,0.046429662,9.075563717
0.78,3.402644329,0.001000077,163.5291444,14.29788131,2379.588642,14.29866137,2507.141374,0.052020206,9.066020327
0.8,3.761420723,0.001000075,159.6460556,15.8079337,2380.082884,15.80873376,2507.799729,0.057476938,9.05672224
0.82,4.112351046,0.001000074,155.9479822,17.28464002,2380.56624,17.28546008,2508.443586,0.062806337,9.047657259
0.84,4.455793738,0.001000076,152.4219053,18.72953858,2381.039207,18.73037864,2509.073608,0.068014417,9.038814072
0.86,4.792082774,0.001000079,149.056004,20.14406167,2381.502249,20.14492173,2509.690412,0.073106771,9.03018217
0.88,5.121529862,0.001000085,145.8395206,21.52954516,2381.955799,21.53042524,2510.294577,0.078088612,9.021751772
0.9,5.444426395,0.001000091,142.7626428,22.88723708,2382.400261,22.88813716,2510.886639,0.082964802,9.013513758
0.92,5.761045194,0.001000099,139.8164026,24.21830517,2382.836014,24.21922526,2511.467105,0.087739887,9.005459614
0.94,6.071642067,0.001000108,136.9925868,25.5238437,2383.263415,25.5247838,2512.036446,0.092418125,8.997581375
0.96,6.376457209,0.001000119,134.2836591,26.80487958,2383.682796,26.80583969,2512.595108,0.097003505,8.989871584
0.98,6.675716455,0.001000131,131.6826916,28.06237781,2384.09447,28.06335794,2513.143508,0.101499772,8.982323245
1,6.969632413,0.001000143,129.1833047,29.2972464,2384.498734,29.29824655,2513.682039,0.105910448,8.97492979
1.02,7.258405488,0.001000157,126.7796136,30.51034083,2384.895866,30.51136099,2514.211072,0.110238847,8.967685042
1.04,7.542224805,0.001000172,124.466181,31.70246803,2385.286128,31.7035082,2514.730956,0.114488093,8.960583186
1.06,7.821269048,0.001000187,122.2379756,32.87439003,2385.669768,32.87545023,2515.242022,0.118661133,8.953618738
1.08,8.095707221,0.001000204,120.0903347,34.02682729,2386.047021,34.02790751,2515.744582,0.122760751,8.946786527
1.1,8.365699342,0.001000221,118.0189308,35.16046166,2386.418109,35.1615619,2516.238933,0.126789579,8.940081666
1.15,9.022204431,0.001000267,113.148246,37.91644261,2387.320215,37.91759292,2517.440698,0.136567977,8.923846938
1.2,9.654015854,0.001000317,108.6739882,40.56807816,2388.188087,40.56927854,2518.596873,0.145954697,8.908314117
1.25,10.26304437,0.00100037,104.54929,43.12349456,2389.024379,43.12474502,2519.710991,0.15498098,8.893425486
1.3,10.85098332,0.001000426,100.7344174,45.58988748,2389.831442,45.59118803,2520.786184,0.163674434,8.879130149
1.35,11.41934061,0.001000484,97.19545948,47.97366001,2390.611369,47.97501067,2521.825239,0.172059583,8.865383001
1.4,11.96946514,0.001000545,93.90329747,50.28053594,2391.366032,50.2819367,2522.830649,0.180158309,8.852143882
1.45,12.50256853,0.001000607,90.83278541,52.5156533,2392.097114,52.51710418,2523.804653,0.187990221,8.839376878
1.5,13.01974328,0.001000671,87.96209355,54.68364241,2392.806131,54.68514341,2524.749272,0.195572961,8.827049745
1.55,13.52197809,0.001000737,85.27217801,56.78869113,2393.494456,56.79024228,2525.666332,0.202922458,8.815133426
1.6,14.01017063,0.001000803,82.74634923,58.83460005,2394.163333,58.83620133,2526.557492,0.210053148,8.803601645
1.65,14.48513855,0.00100087,80.36991827,60.82482914,2394.813898,60.82648058,2527.424263,0.216978152,8.792430562
1.7,14.94762875,0.001000938,78.12990514,62.7625377,2395.447187,62.7642393,2528.268026,0.223709431,8.781598483
1.75,15.39832542,0.001001007,76.01479677,64.65061847,2396.064149,64.65237024,2529.090044,0.230257925,8.771085609
1.8,15.83785689,0.001001077,74.01434506,66.49172709,2396.665657,66.49352903,2529.891478,0.236633661,8.760873823
1.85,16.26680163,0.001001147,72.11939736,68.28830752,2397.252512,68.29015964,2530.673397,0.242845855,8.750946504
1.9,16.68569345,0.001001217,70.32175367,70.04261419,2397.825455,70.0445165,2531.436787,0.248902996,8.741288364
1.95,17.09502598,0.001001288,68.61404551,71.75673124,2398.385171,71.75868375,2532.18256,0.254812924,8.731885318
2,17.49525668,0.001001359,66.98963294,73.43258943,2398.932294,73.43459215,2532.91156,0.26058289,8.722724349
2.1,18.2700819,0.001001501,63.96726143,76.67657253,2399.991077,76.67867568,2534.322326,0.271729355,8.705081345
2.2,19.01322749,0.001001644,61.21303999,79.78746312,2401.006045,79.78966673,2535.674733,0.282390704,8.688273004
2.3,19.72735768,0.001001787,58.69252522,82.77649268,2401.980892,82.77879679,2536.9737,0.292608906,8.672224555
2.4,20.41480804,0.001001929,56.37695127,85.65350265,2402.918856,85.65590728,2538.223539,0.302420655,8.656870817
2.5,21.07763784,0.001002072,54.24210396,88.42716665,2403.822791,88.42967183,2539.428051,0.311858223,8.642154635
2.6,21.71767238,0.001002213,52.26745296,91.10516978,2404.695226,91.10777554,2540.590604,0.320950146,8.628025609
2.7,22.3365374,0.001002354,50.43547547,93.6943546,2405.538414,93.69706096,2541.714198,0.329721782,8.614439078
2.8,22.93568743,0.001002495,48.73112379,96.20084103,2406.354371,96.20364801,2542.801517,0.338195769,8.601355274
2.9,23.51642922,0.001002634,47.14140236,98.63012549,2407.144906,98.63303313,2543.854973,0.346392402,8.58873864
3,24.07994125,0.001002772,45.65502867,100.9871636,2407.911651,100.9901719,2544.876737,0.354329946,8.576557251
3.1,24.62729018,0.00100291,44.26215942,103.2764395,2408.656085,103.2795485,2545.868779,0.362024901,8.564782339
3.2,25.15944464,0.001003046,42.95416765,105.5020243,2409.379547,105.5052341,2546.832883,0.369492223,8.553387889
3.3,25.67728702,0.001003182,41.72346006,107.6676258,2410.083259,107.6709363,2547.770678,0.376745511,8.542350302
3.4,26.1816235,0.001003316,40.56332639,109.7766307,2410.768338,109.780042,2548.683648,0.383797169,8.5316481
3.5,26.67319267,0.001003449,39.46781436,111.8321413,2411.435806,111.8356534,2549.573156,0.390658539,8.521261685
3.6,27.15267293,0.001003582,38.43162539,113.8370065,2412.0866,113.8406194,2550.440452,0.397340025,8.511173122
3.7,27.62068891,0.001003713,37.45002703,115.793849,2412.721587,115.7975627,2551.286687,0.403851188,8.501365957
3.8,28.0778171,0.001003843,36.51877915,117.7050886,2413.341562,117.7089032,2552.112923,0.41020084,8.491825061
3.9,28.52459068,0.001003972,35.63407142,119.5729635,2413.947264,119.576879,2552.920143,0.416397119,8.48253649
4,28.9615038,0.0010041,34.79247005,121.3995473,2414.539376,121.4035637,2553.709256,0.422447555,8.473487362
4.2,29.80755222,0.001004352,33.22646739,124.9364093,2415.685325,124.9406276,2555.236488,0.434138337,8.456060618
4.4,30.61926715,0.0010046,31.79925597,128.3295388,2416.783976,128.3339591,2556.700703,0.44532338,8.439459373
4.6,31.39952812,0.001004845,30.49301988,131.5910131,2417.839312,131.5956354,2558.107204,0.456046301,8.423609627
4.8,32.15086002,0.001005085,29.29287857,134.7314193,2418.854821,134.7362437,2559.460638,0.46634525,8.408446879
5,32.87548952,0.001005321,28.18630501,137.7600924,2419.833579,137.765119,2560.765104,0.47625379,8.393914569
5.2,33.57539073,0.001005554,27.16267705,140.6853066,2420.778314,140.6905355,2562.024234,0.485801607,8.379962829
5.4,34.25232228,0.001005783,26.21292789,143.5144318,2421.691453,143.519863,2563.241263,0.49501509,8.366547467
5.6,34.90785789,0.001006008,25.32927083,146.2540619,2422.575169,146.2596956,2564.419086,0.503917802,8.353629138
5.8,35.54341167,0.00100623,24.50498054,148.910121,2423.431416,148.9159572,2565.560303,0.512530873,8.341172662
6,36.16025915,0.001006448,23.73421782,151.4879519,2424.261951,151.4939906,2566.667258,0.520873325,8.329146456
6.2,36.75955503,0.001006664,23.01188794,153.9923906,2425.06837,153.9986319,2567.742075,0.528962345,8.31752206
6.4,37.34234808,0.001006876,22.33352544,156.4278289,2425.852119,156.4342729,2568.786681,0.536813515,8.30627374
6.6,37.90959387,0.001007085,21.69519963,158.7982677,2426.614515,158.8049144,2569.802832,0.544441006,8.295378151
6.8,38.46216555,0.001007291,21.09343671,161.1073626,2427.356762,161.1142122,2570.792132,0.551857745,8.28481405
7,39.0008632,0.001007495,20.52515507,163.3584627,2428.079964,163.3655152,2571.75605,0.559075557,8.274562051
7.2,39.52642183,0.001007696,19.98761137,165.5546446,2428.785134,165.5619,2572.695936,0.566105287,8.264604415
7.4,40.03951829,0.001007894,19.47835525,167.698741,2429.473204,167.7061995,2573.613033,0.572956909,8.25492487
7.6,40.54077734,0.001008089,18.99519112,169.7933665,2430.145036,169.801028,2574.508488,0.579639612,8.245508452
7.8,41.03077692,0.001008282,18.53614584,171.8409393,2430.801425,171.8488039,2575.383362,0.586161885,8.236341372
8,41.5100527,0.001008473,18.09944115,173.8437008,2431.443109,173.8517686,2576.238638,0.592531584,8.22741089
8.2,41.97910222,0.001008661,17.68347015,175.8037325,2432.070774,175.8120036,2577.075229,0.598755996,8.218705219
8.4,42.43838842,0.001008847,17.28677709,177.7229712,2432.685056,177.7314455,2577.893984,0.604841892,8.210213426
8.6,42.8883428,0.001009031,16.90803997,179.6032218,2433.286551,179.6118994,2578.695695,0.610795574,8.201925356
8.8,43.32936827,0.001009213,16.54605547,181.4461695,2433.875812,181.4550506,2579.4811,0.61662292,8.193831557
9,43.76184161,0.001009392,16.19972591,183.2533903,2434.453358,183.2624749,2580.250891,0.622329417,8.18592322
9.2,44.18611572,0.00100957,15.86804786,185.0263601,2435.019675,185.0356482,2581.005715,0.627920201,8.178192116
9.4,44.60252161,0.001009745,15.55010223,186.7664632,2435.575217,186.7759548,2581.746178,0.633400082,8.170630554
9.6,45.0113702,0.001009919,15.24504556,188.4749996,2436.120413,188.4846948,2582.472851,0.638773571,8.16323133
9.8,45.41295393,0.001010091,14.95210239,190.1531922,2436.655666,190.1630911,2583.186269,0.644044909,8.155987687
10,45.80754821,0.001010261,14.67055849,191.8021926,2437.181352,191.8122952,2583.886937,0.649218083,8.148893282
10.5,46.76512371,0.001010678,14.01236853,195.8039537,2438.456015,195.8145658,2585.585884,0.661745676,8.131771893
11,47.68427991,0.001011085,13.41242349,199.6452733,2439.678131,199.6563952,2587.214789,0.673735782,8.115462734
11.5,48.56822578,0.001011482,12.86325377,203.3395648,2440.852109,203.3511968,2588.779528,0.685234603,8.09989292
12,49.41977599,0.001011869,12.35861963,206.8985923,2441.981818,206.9107347,2590.285253,0.696282563,8.084998927
12.5,50.24141361,0.001012249,11.89326758,210.3327327,2443.070665,210.3453858,2591.73651,0.706915236,8.070725056
13,51.03534069,0.00101262,11.46274243,213.6511876,2444.121674,213.6643516,2593.137326,0.717164094,8.057022203
13.5,51.80351957,0.001012983,11.06324091,216.8621561,2445.137539,216.8758314,2594.491291,0.727057123,8.043846854
14,52.54770676,0.001013339,10.69149635,219.9729767,2446.120667,219.9871635,2595.801616,0.736619318,8.031160275
14.5,53.26948105,0.001013687,10.34468703,222.9902449,2447.073226,223.0049433,2597.071188,0.745873097,8.018927832
15,53.97026692,0.00101403,10.02036278,225.9199109,2447.997167,225.9351214,2598.302609,0.754838649,8.007118435
15.5,54.65135426,0.001014365,9.71638558,228.7673625,2448.894259,228.7830851,2599.498236,0.763534217,7.995704072
16,55.31391491,0.001014695,9.430881313,231.5374939,2449.766108,231.553729,2600.660209,0.771976344,7.984659415
16.5,55.95901685,0.001015019,9.16220014,234.2347653,2450.614177,234.2515131,2601.79048,0.780180081,7.973961487
17,56.5876362,0.001015338,8.908883853,236.8632532,2451.439803,236.8805139,2602.890829,0.788159157,7.963589383
17.5,57.2006676,0.001015651,8.669638767,239.4266931,2452.24421,239.444467,2603.962889,0.795926137,7.953524028
18,57.7989331,0.001015959,8.443313099,241.9285178,2453.028525,241.9468051,2605.00816,0.803492543,7.943747967
18.5,58.3831899,0.001016262,8.228877981,244.3718887,2453.793782,244.3906896,2606.028025,0.810868975,7.93424519
19,58.95413708,0.00101656,8.02541145,246.7597246,2454.540939,246.7790392,2607.023757,0.818065201,7.925000975
19.5,59.51242144,0.001016854,7.832084877,249.0947257,2455.270881,249.1145543,2607.996536,0.825090245,7.916001755
20,60.05864266,0.001017144,7.648151422,251.3793955,2455.984428,251.3997384,2608.947456,0.831952463,7.907235
20.5,60.59335779,0.001017429,7.472936159,253.6160595,2456.68234,253.6369168,2609.877531,0.838659603,7.898689113
21,61.11708528,0.001017711,7.305827598,255.8068818,2457.365328,255.8282538,2610.787707,0.845218867,7.890353343
21.5,61.63030846,0.001017988,7.14627039,257.95388,2458.034051,257.9757667,2611.678864,0.851636961,7.8822177
22,62.13347872,0.001018262,6.993759007,260.058938,2458.689126,260.0813398,2612.551824,0.857920137,7.874272889
23,63.11132259,0.001018799,6.708068559,264.150171,2459.960603,264.1736034,2614.24618,0.870104724,7.85892168
24,64.0536874,0.001019323,6.44551719,268.093396,2461.183953,268.1178597,2615.876366,0.881815027,7.844237003
25,64.96328265,0.001019833,6.203377497,271.8999204,2462.362874,271.9254162,2617.447312,0.893088367,7.830163878
26,65.84251187,0.001020332,5.979336315,275.5797744,2463.500646,275.606303,2618.96339,0.903957773,7.816653837
27,66.69351748,0.00102082,5.771418759,279.1418979,2464.600191,279.16946,2620.428498,0.914452614,7.803663934
28,67.5182177,0.001021296,5.577928424,282.5942947,2465.664125,282.622891,2621.846121,0.92459913,7.79115594
29,68.31833706,0.001021763,5.397399846,285.9441603,2466.694797,285.9737914,2623.219393,0.934420859,7.779095679
30,69.09543192,0.001022221,5.228560405,289.197988,2467.694329,289.2286546,2624.551141,0.943939002,7.767452472
31,69.8509119,0.001022669,5.070299535,292.3616588,2468.66464,292.3933615,2625.843926,0.95317272,7.756198678
32,70.58605792,0.001023109,4.921643657,295.4405165,2469.607474,295.4732559,2627.100071,0.962139392,7.745309308
33,71.3020376,0.00102354,4.781735641,298.4394319,2470.524421,298.4732087,2628.321697,0.97085483,7.734761695
34,71.99991839,0.001023964,4.649817856,301.362858,2471.416933,301.3976727,2629.51074,0.979333464,7.724535214
35,72.68067881,0.001024381,4.525218098,304.2148765,2472.28634,304.2507298,2630.668974,0.987588497,7.714611047
36,73.34521817,0.00102479,4.407337857,306.9992387,2473.133866,307.0361311,2631.798029,0.995632043,7.704971978
37,73.99436503,0.001025192,4.295642451,309.7194005,2473.960636,309.7573327,2632.899407,1.003475244,7.695602214
38,74.62888444,0.001025588,4.189652726,312.3785532,2474.767691,312.4175256,2633.974495,1.011128372,7.686487235
39,75.24948443,0.001025978,4.088938004,314.9796498,2475.555992,315.0196629,2635.024574,1.018600917,7.67761366
40,75.85682151,0.001026362,3.993110091,317.5254285,2476.326431,317.566483,2636.050834,1.025901667,7.668969133
41,76.4515057,0.00102674,3.90181815,320.0184335,2477.079835,320.0605298,2637.054379,1.033038773,7.660542216
42,77.0341048,0.001027112,3.8147443,322.4610328,2477.816975,322.5041716,2638.036236,1.040019812,7.652322308
43,77.60514824,0.001027479,3.731599827,324.8554347,2478.538571,324.8996163,2638.997363,1.046851839,7.644299558
44,78.16513057,0.001027841,3.652121901,327.2037015,2479.245291,327.2489265,2639.938655,1.053541434,7.6364648
45,78.71451442,0.001028198,3.576070736,329.5077626,2479.937765,329.5540315,2640.860948,1.060094745,7.628809492
46,79.25373325,0.00102855,3.503227105,331.7694257,2480.616579,331.8167391,2641.765026,1.066517524,7.621325656
47,79.78319379,0.001028898,3.433390184,333.990387,2481.282285,334.0387452,2642.651624,1.07281516,7.614005837
48,80.30327818,0.001029241,3.366375652,336.1722402,2481.9354,336.2216438,2643.521432,1.078992713,7.606843049
49,80.81434601,0.00102958,3.302014022,338.3164847,2482.576412,338.3669342,2644.375099,1.085054935,7.599830744
50,81.316736,0.001029914,3.240149181,340.4245332,2483.205779,340.4760289,2645.213238,1.091006298,7.592962775
52,82.29674265,0.001030572,3.123344626,344.5372968,2484.431285,344.5908866,2646.845206,1.102593061,7.579637055
54,83.24564842,0.001031214,3.01493475,348.5203321,2485.615099,348.5760177,2648.421576,1.113783941,7.566823558
56,84.16555824,0.001031841,2.914037082,352.3824165,2486.760068,352.4401996,2649.946144,1.124606585,7.554484606
58,85.058365,0.001032455,2.819889214,356.1314433,2487.86875,356.1913257,2651.422325,1.135085797,7.542586515
60,85.92577749,0.001033057,2.731829003,359.7745378,2488.943456,359.8365212,2652.853197,1.145243924,7.531099052
62,86.76934376,0.001033646,2.649278571,363.3181554,2489.986277,363.3822415,2654.241548,1.155101167,7.51999498
64,87.59047088,0.001034224,2.571731277,366.7681633,2490.99911,366.8343536,2655.589912,1.164675853,7.509249674
66,88.3904418,0.00103479,2.498741041,370.129911,2491.983689,370.1982072,2656.900598,1.173984658,7.498840801
68,89.17042964,0.001035347,2.429913533,373.4082904,2492.941596,373.478694,2658.175716,1.183042801,7.488748042
70,89.93151007,0.001035893,2.364898859,376.6077867,2493.87428,376.6802992,2659.4172,1.191864214,7.478952856
72,90.6746719,0.00103643,2.303385459,379.7325232,2494.783074,379.8071461,2660.626827,1.20046168,7.469438283
74,91.40082633,0.001036958,2.245094978,382.7862993,2495.669206,382.8630342,2661.806234,1.208846958,7.460188768
76,92.11081495,0.001037478,2.189777952,385.7726243,2496.533809,385.8514726,2662.956934,1.217030891,7.451190007
78,92.80541672,0.001037989,2.137210137,388.6947465,2497.377932,388.7757096,2664.080323,1.225023499,7.442428821
80,93.48535413,0.001038492,2.087189398,391.5556785,2498.202546,391.6387578,2665.177698,1.23283406,7.433893038
82,94.15129859,0.001038987,2.039533037,394.35822,2499.008555,394.4434169,2666.250264,1.240471184,7.425571397
84,94.8038752,0.001039476,1.994075508,397.1049776,2499.796799,397.1922936,2667.299141,1.247942872,7.417453455
86,95.44366694,0.001039957,1.950666444,399.7983825,2500.568061,399.8878187,2668.325375,1.255256579,7.409529512
88,96.07121843,0.001040431,1.909168951,402.4407056,2501.323074,402.5322635,2669.329941,1.262419256,7.401790543
90,96.68703928,0.001040899,1.869458129,405.034072,2502.062521,405.1277529,2670.313752,1.2694374,7.394228135
92,97.29160705,0.00104136,1.83141978,407.5804734,2502.787043,407.6762785,2671.277663,1.27631709,7.386834436
94,97.88536991,0.001041816,1.794949286,410.0817785,2503.497243,410.1797091,2672.222475,1.283064024,7.379602101
96,98.46874904,0.001042265,1.75995062,412.5397438,2504.193684,412.6398013,2673.148944,1.289683548,7.372524256
98,99.04214079,0.001042709,1.726335479,414.9560222,2504.876899,415.0582077,2674.057776,1.296180688,7.365594454
100,99.60591861,0.001043148,1.694022523,417.332171,2505.547389,417.4364858,2674.949641,1.302560174,7.358806641
101.325,99.9743,0.001043435,1.673295383,418.8849917,2505.984811,418.9907178,2675.531466,1.306723978,7.354385114
102,100.1604348,0.001043581,1.662936697,419.6696596,2506.205624,419.7761049,2675.825167,1.30882646,7.352155127
104,100.7060221,0.001044009,1.633008635,421.9698755,2506.852052,422.0784525,2676.68495,1.31498375,7.345634555
106,101.2429951,0.001044432,1.60417413,424.234131,2507.487092,424.3448408,2677.52955,1.321036014,7.339239876
108,101.7716517,0.00104485,1.57637366,426.463668,2508.111145,426.5765118,2678.359501,1.326987004,7.332966328
110,102.2922739,0.001045264,1.54955197,428.6596635,2508.724588,428.7746425,2679.175305,1.332840273,7.326809412
112,102.8051296,0.001045673,1.523657691,430.8232338,2509.327779,430.9403491,2679.97744,1.338599186,7.320764875
114,103.3104728,0.001046077,1.498643008,432.9554388,2509.921057,433.0746916,2680.76636,1.344266934,7.314828691
116,103.8085451,0.001046477,1.474463352,435.0572857,2510.504746,435.1786771,2681.542495,1.349846547,7.308997045
118,104.299576,0.001046873,1.451077133,437.1297327,2511.079153,437.2532638,2682.306255,1.355340903,7.30326632
120,104.7837843,0.001047265,1.428445492,439.1736918,2511.644569,439.2993637,2683.058029,1.360752741,7.297633083
122,105.2613784,0.001047654,1.406532079,441.1900321,2512.201274,441.3178458,2683.798188,1.366084665,7.292094072
124,105.7325569,0.001048038,1.385302856,443.1795821,2512.749533,443.3095388,2684.527087,1.371339157,7.286646187
126,106.1975094,0.001048418,1.364725912,445.1431329,2513.289598,445.2752336,2685.245063,1.376518584,7.281286475
128,106.656417,0.001048795,1.344771302,447.0814396,2513.821712,447.2156854,2685.952438,1.381625202,7.276012127
130,107.1094527,0.001049169,1.325410895,448.9952242,2514.346105,449.1316161,2686.649521,1.386661168,7.270820463
132,107.5567821,0.001049538,1.306618241,450.885177,2514.862998,451.0237161,2687.336605,1.391628541,7.265708928
134,107.9985635,0.001049905,1.288368442,452.7519589,2515.372602,452.8926461,2688.013973,1.39652929,7.260675083
136,108.4349487,0.001050268,1.270638047,454.5962026,2515.87512,454.7390391,2688.681894,1.401365298,7.255716598
138,108.866083,0.001050628,1.25340494,456.4185148,2516.370746,456.5635015,2689.340627,1.406138371,7.250831247
140,109.2921059,0.001050985,1.236648252,458.2194769,2516.859664,458.3666148,2689.990419,1.410850236,7.2460169
142,109.7131511,0.001051339,1.220348272,459.9996471,2517.342054,460.1489372,2690.631509,1.41550255,7.241271517
144,110.129347,0.001051689,1.204486366,461.7595612,2517.818087,461.9110045,2691.264123,1.420096903,7.236593147
146,110.5408171,0.001052037,1.189044906,463.4997338,2518.287926,463.6533313,2691.888482,1.424634819,7.231979918
148,110.9476799,0.001052382,1.174007203,465.2206598,2518.751729,465.3764124,2692.504795,1.429117764,7.227430037
150,111.3500495,0.001052725,1.159357444,466.922815,2519.209649,467.0807237,2693.113266,1.433547146,7.222941783
155,112.3370256,0.001053568,1.124333787,471.0990433,2520.329653,471.2623464,2694.60139,1.444395014,7.211980081
160,113.2982006,0.001054396,1.091428905,475.1674731,2521.415918,475.3361765,2696.044543,1.454936214,7.201369301
165,114.2350399,0.001055208,1.060454118,479.1342198,2522.470392,479.3083291,2697.445322,1.46518876,7.19108759
170,115.1488843,0.001056005,1.031242619,483.0048777,2523.494856,483.1843985,2698.806102,1.475169095,7.181115065
175,116.0409634,0.001056789,1.003646379,486.7845781,2524.490943,486.9695161,2700.129059,1.484892276,7.171433589
180,116.9124081,0.001057559,0.977533572,490.4780401,2525.460152,490.6684007,2701.416195,1.494372119,7.162026572
185,117.7642606,0.001058316,0.952786411,494.089614,2526.403866,494.2854026,2702.669352,1.503621341,7.152878794
190,118.597484,0.001059062,0.929299321,497.6233192,2527.32336,497.824541,2703.890231,1.512651669,7.143976267
195,119.41297,0.001059796,0.906977393,501.0828775,2528.219816,501.2895376,2705.080407,1.521473943,7.135306101
200,120.2115459,0.001060518,0.885735065,504.4717418,2529.094328,504.6838455,2706.241341,1.530098201,7.126856391
205,120.9939807,0.00106123,0.865494996,507.7931225,2529.947915,508.0106747,2707.374389,1.538533763,7.118616126
210,121.7609906,0.001061932,0.846187099,511.050009,2530.781523,511.2730148,2708.480813,1.546789292,7.110575092
215,122.5132436,0.001062624,0.827747707,514.2451907,2531.596034,514.4736549,2709.561791,1.554872858,7.102723807
220,123.2513641,0.001063307,0.810118853,517.3812742,2532.392274,517.6152017,2710.618422,1.562791991,7.095053444
225,123.9759366,0.00106398,0.793247645,520.4606993,2533.171014,520.7000949,2711.651734,1.57055373,7.08755578
230,124.6875087,0.001064645,0.777085716,523.485753,2533.932976,523.7306214,2712.662691,1.57816466,7.080223136
235,125.3865946,0.001065301,0.761588756,526.4585825,2534.67884,526.7089282,2713.652197,1.585630956,7.073048334
240,126.0736778,0.001065949,0.746716089,529.381206,2535.409241,529.6370338,2714.621102,1.592958416,7.066024652
245,126.749213,0.001066589,0.732430306,532.2555235,2536.124779,532.5168379,2715.570204,1.600152487,7.059145789
250,127.4136293,0.001067222,0.718696948,535.0833258,2536.826019,535.3501312,2716.500256,1.607218297,7.052405828
255,128.067331,0.001067847,0.705484214,537.8663025,2537.513493,538.1386035,2717.411967,1.61416068,7.045799206
260,128.7107006,0.001068465,0.692762712,540.6060503,2538.187704,540.8838511,2718.306009,1.620984194,7.039320687
265,129.3440994,0.001069076,0.680505233,543.304079,2538.849127,543.5873841,2719.183014,1.627693148,7.032965337
270,129.9678698,0.00106968,0.668686555,545.9618183,2539.498212,546.250632,2720.043582,1.634291614,7.026728501
275,130.5823362,0.001070278,0.657283257,548.5806234,2540.135385,548.8749498,2720.888281,1.640783447,7.020605783
280,131.1878063,0.00107087,0.646273567,551.1617798,2540.761051,551.4616233,2721.717649,1.6471723,7.014593025
285,131.7845724,0.001071455,0.635637218,553.7065087,2541.375591,554.0118734,2722.532198,1.653461641,7.008686294
290,132.3729123,0.001072035,0.625355316,556.2159705,2541.979372,556.5268605,2723.332414,1.659654757,7.00288186
295,132.9530902,0.001072608,0.61541023,558.6912696,2542.572738,559.007689,2724.118756,1.665754777,6.99717619
300,133.5253579,0.001073176,0.605785485,561.1334573,2543.156021,561.4554103,2724.891667,1.671764673,6.991565929
305,134.0899552,0.001073739,0.596465669,563.5435359,2543.729533,563.8710263,2725.651562,1.677687277,6.986047889
310,134.6471108,0.001074297,0.587436349,565.9224611,2544.293575,566.255493,2726.398843,1.683525286,6.980619039
315,135.197043,0.001074849,0.578683993,568.2711453,2544.848431,568.6097226,2727.133889,1.689281272,6.975276495
320,135.7399604,0.001075396,0.570195902,570.59046,2545.394375,570.9345867,2727.857064,1.694957688,6.970017512
325,136.2760624,0.001075938,0.561960146,572.8812384,2545.931668,573.2309183,2728.568715,1.700556878,6.96483947
330,136.8055395,0.001076476,0.553965506,575.1442775,2546.460557,575.4995145,2729.269174,1.706081082,6.959739874
335,137.3285745,0.001077009,0.546201423,577.3803404,2546.981281,577.7411383,2729.958758,1.711532441,6.954716339
340,137.8453422,0.001077537,0.538657949,579.590158,2547.49407,579.9565205,2730.637772,1.716913004,6.94976659
345,138.3560102,0.001078061,0.531325702,581.7744309,2547.99914,582.1463619,2731.306507,1.722224734,6.944888449
350,138.8607392,0.00107858,0.524195828,583.9338311,2548.496702,584.3113342,2731.965242,1.727469511,6.940079836
360,139.8529913,0.001079607,0.51051021,588.1805676,2549.470098,588.5692261,2733.253774,1.737765346,6.930663309
370,140.8232612,0.001080617,0.497539495,592.3352281,2550.415771,592.7350566,2734.505384,1.747814077,6.921502053
380,141.7726234,0.001081612,0.485228467,596.4023048,2551.335117,596.8133175,2735.721935,1.757628219,6.912582322
390,142.7020728,0.001082593,0.473527482,600.3859584,2552.229431,600.8081696,2736.905149,1.767219345,6.903891446
400,143.612533,0.001083559,0.462391783,604.2900506,2553.09991,604.7234742,2738.056623,1.776598174,6.895417726
410,144.5048626,0.001084512,0.451780911,608.1181722,2553.947667,608.562822,2739.177841,1.785774657,6.887150337
420,145.3798613,0.001085451,0.441658199,611.8736687,2554.77374,612.3295582,2740.270183,1.794758049,6.879079242
430,146.2382757,0.001086378,0.431990334,615.5596617,2555.579093,616.0268045,2741.334937,1.803556971,6.871195117
440,147.0808032,0.001087294,0.422746987,619.1790696,2556.364629,619.6574788,2742.373303,1.812179469,6.863489287
450,147.908097,0.001088197,0.413900478,622.7346245,2557.13119,623.2243134,2743.386405,1.820633064,6.855953665
460,148.7207693,0.00108909,0.405425497,626.2288883,2557.879567,626.7298697,2744.375296,1.828924798,6.848580702
470,149.5193952,0.001089972,0.397298855,629.6642666,2558.6105,630.1765533,2745.340962,1.837061271,6.84136334
480,150.3045152,0.001090843,0.389499261,633.0430213,2559.324686,633.566626,2746.284331,1.845048681,6.834294969
490,151.0766382,0.001091705,0.382007136,636.3672821,2560.022778,636.9022175,2747.206275,1.852892855,6.82736939
500,151.8362439,0.001092557,0.374804442,639.639057,2560.705394,640.1853354,2748.107615,1.860599279,6.820580784
510,152.5837851,0.001093399,0.367874531,642.860241,2561.373114,643.4178746,2748.989124,1.868173122,6.81392368
520,153.3196898,0.001094233,0.361202016,646.032625,2562.026486,646.601626,2749.851534,1.875619264,6.807392926
530,154.0443625,0.001095058,0.354772654,649.1579032,2562.666029,649.7382836,2750.695536,1.882942313,6.800983669
540,154.7581866,0.001095874,0.348573237,652.2376799,2563.292233,652.8294518,2751.521781,1.890146628,6.794691327
550,155.4615254,0.001096682,0.342591503,655.2734764,2563.905563,655.8766515,2752.33089,1.897236336,6.788511575
560,156.1547236,0.001097482,0.336816052,658.2667361,2564.506459,658.8813261,2753.123448,1.904215349,6.782440321
570,156.8381087,0.001098275,0.33123627,661.2188302,2565.095338,661.8448467,2753.900011,1.911087377,6.776473693
580,157.511992,0.00109906,0.325842263,664.1310622,2565.672596,664.7685168,2754.661109,1.917855944,6.770608021
590,158.1766697,0.001099837,0.320624798,667.0046727,2566.238611,667.6535767,2755.407242,1.924524398,6.764839826
600,158.832424,0.001100608,0.315575247,669.8408432,2566.793742,670.501208,2756.13889,1.931095924,6.759165805
610,159.4795236,0.001101372,0.310685536,672.6407,2567.338329,673.3125368,2756.856506,1.937573557,6.753582818
620,160.1182252,0.001102129,0.305948106,675.4053176,2567.872699,676.0886374,2757.560524,1.943960185,6.748087882
630,160.7487736,0.001102879,0.30135587,678.1357216,2568.397161,678.8305356,2758.251359,1.950258565,6.742678155
640,161.3714027,0.001103624,0.296902175,680.8328921,2568.912012,681.5392113,2758.929404,1.956471326,6.737350934
650,161.9863363,0.001104362,0.292580772,683.4977664,2569.417534,684.2156016,2759.595036,1.96260098,6.732103639
660,162.5937884,0.001105094,0.288385783,686.131241,2569.913999,686.860603,2760.248616,1.968649928,6.72693381
670,163.1939637,0.00110582,0.284311677,688.7341744,2570.401664,689.4750739,2760.890488,1.974620467,6.721839098
680,163.7870587,0.001106541,0.280353241,691.3073892,2570.880777,692.0598368,2761.520981,1.980514792,6.716817261
690,164.3732615,0.001107256,0.27650556,693.851674,2571.351575,694.6156803,2762.140412,1.98633501,6.711866154
700,164.9527526,0.001107965,0.272763996,696.3677852,2571.814286,697.1433607,2762.749083,1.992083137,6.706983725
710,165.5257052,0.001108669,0.269124166,698.856449,2572.269126,699.6436042,2763.347284,1.997761106,6.702168011
720,166.0922859,0.001109368,0.265581928,701.318363,2572.716305,702.1171082,2763.935294,2.003370774,6.697417131
730,166.6526545,0.001110062,0.262133363,703.7541974,2573.156024,704.5645429,2764.513379,2.008913921,6.692729282
740,167.2069647,0.001110751,0.25877476,706.1645967,2573.588475,706.9865527,2765.081797,2.014392259,6.688102735
750,167.7553645,0.001111436,0.255502602,708.550181,2574.013843,709.3837577,2765.640794,2.019807433,6.683535833
760,168.2979962,0.001112115,0.252313554,710.9115471,2574.432307,711.7567546,2766.190608,2.025161023,6.679026982
770,168.8349969,0.00111279,0.249204454,713.2492699,2574.844037,714.1061181,2766.731466,2.030454552,6.674574654
780,169.3664988,0.00111346,0.246172295,715.5639032,2575.249198,716.4324022,2767.263589,2.035689485,6.670177377
790,169.8926292,0.001114126,0.243214224,717.8559809,2575.64795,718.7361407,2767.787187,2.040867233,6.665833739
800,170.4135108,0.001114788,0.240327525,720.1260181,2576.040445,721.0178484,2768.302465,2.045989154,6.66154238
810,170.9292622,0.001115445,0.237509615,722.3745117,2576.42683,723.2780223,2768.809619,2.051056559,6.65730199
820,171.4399978,0.001116098,0.234758036,724.6019412,2576.807249,725.517142,2769.308838,2.056070713,6.653111308
830,171.9458279,0.001116748,0.232070444,726.8087701,2577.181837,727.7356707,2769.800306,2.061032835,6.648969121
840,172.4468594,0.001117393,0.229444607,728.9954459,2577.550728,729.9340559,2770.284199,2.065944101,6.644874258
850,172.9431954,0.001118034,0.226878396,731.1624012,2577.91405,732.1127302,2770.760686,2.07080565,6.640825589
860,173.4349356,0.001118672,0.224369778,733.3100544,2578.271925,734.2721121,2771.229934,2.07561858,6.636822026
870,173.9221765,0.001119305,0.221916812,735.4388104,2578.624473,736.4126061,2771.6921,2.080383951,6.632862518
880,174.4050114,0.001119935,0.219517645,737.5490606,2578.97181,738.5346038,2772.147338,2.085102792,6.628946048
890,174.8835308,0.001120562,0.217170506,739.6411843,2579.314048,740.6384844,2772.595798,2.089776095,6.625071638
900,175.3578221,0.001121185,0.2148737,741.7155487,2579.651293,742.7246151,2773.037623,2.094404821,6.62123834
910,175.8279702,0.001121804,0.212625606,743.7725096,2579.983651,744.7933516,2773.472952,2.0989899,6.617445238
920,176.2940572,0.00112242,0.210424671,745.8124118,2580.311223,746.8450386,2773.901921,2.103532233,6.613691447
930,176.7561628,0.001123033,0.20826941,747.8355896,2580.634107,748.8800104,2774.324659,2.108032693,6.609976109
940,177.2143643,0.001123643,0.206158399,749.8423671,2580.952398,750.8985912,2774.741293,2.112492124,6.606298395
950,177.6687365,0.001124249,0.204090272,751.8330589,2581.266188,752.9010953,2775.151947,2.116911348,6.602657504
960,178.1193523,0.001124852,0.202063721,753.8079702,2581.575566,754.8878281,2775.556738,2.121291158,6.599052657
970,178.5662822,0.001125452,0.200077488,755.7673974,2581.880619,756.8590858,2775.955783,2.125632327,6.595483101
980,179.0095947,0.001126049,0.198130369,757.7116282,2582.181431,758.8151561,2776.349192,2.129935601,6.591948108
990,179.4493566,0.001126643,0.196221205,759.6409421,2582.478082,760.7563184,2776.737075,2.134201707,6.588446968
1000,179.8856324,0.001127234,0.194348884,761.5556106,2582.770653,762.6828443,2777.119538,2.138431351,6.584978996
1020,180.7479757,0.001128407,0.190710536,765.3420602,2583.343859,766.4930354,2777.868606,2.14678397,6.578139916
1040,181.5971071,0.001129569,0.187207256,769.0730025,2583.901635,770.2477544,2778.597181,2.154998706,6.571425775
1060,182.433483,0.00113072,0.183831571,772.7503539,2584.444538,773.9489176,2779.306003,2.163080519,6.564831774
1080,183.2575359,0.001131861,0.180576556,776.3759299,2584.973093,777.59834,2779.995774,2.1710341,6.558353385
1100,184.0696757,0.001132992,0.177435778,779.9514521,2585.487799,781.1977431,2780.667156,2.178863892,6.55198633
1125,185.0686885,0.001134391,0.173661383,784.352948,2586.112422,785.6291383,2781.481478,2.188483445,6.544177932
1150,186.0504111,0.001135776,0.170045387,788.6817958,2586.717008,789.9879382,2782.269203,2.197923893,6.536529754
1175,187.0155175,0.001137146,0.166577911,792.9408263,2587.30237,794.2769734,2783.031416,2.207192508,6.529034848
1200,187.9646416,0.001138503,0.163249884,797.1327025,2587.869273,798.4989063,2783.769133,2.21629612,6.521686702
1225,188.8983804,0.001139847,0.160052962,801.2599325,2588.418434,802.6562446,2784.483312,2.225241148,6.514479213
1250,189.8172967,0.001141177,0.156979458,805.3248815,2588.950529,806.7513532,2785.174852,2.23403364,6.507406647
1275,190.7219219,0.001142496,0.154022279,809.3297828,2589.466196,810.7864648,2785.844602,2.242679296,6.500463613
1300,191.6127585,0.001143802,0.151174867,813.2767473,2589.966034,814.7636901,2786.493361,2.251183495,6.493645036
1325,192.4902817,0.001145097,0.148431151,817.1677728,2590.450611,818.6850265,2787.121886,2.259551322,6.48694613
1350,193.3549417,0.001146381,0.145785502,821.0047519,2590.920464,822.5523661,2787.730892,2.267787585,6.480362381
1375,194.2071655,0.001147654,0.143232693,824.7894793,2591.376101,826.3675034,2788.321054,2.275896839,6.473889523
1400,195.0473583,0.001148916,0.140767866,828.5236587,2591.818002,830.1321416,2788.893014,2.2838834,6.467523524
1425,195.875905,0.001150169,0.138386494,832.2089087,2592.246625,833.8478993,2789.447379,2.291751365,6.461260564
1450,196.6931718,0.001151411,0.136084362,835.8467689,2592.662402,837.5163155,2789.984727,2.299504622,6.455097025
1475,197.4995071,0.001152645,0.133857532,839.4387047,2593.065746,841.1388554,2790.505606,2.307146872,6.449029475
1500,198.2952429,0.001153868,0.131702326,842.9861122,2593.457047,844.7169148,2791.010536,2.31468163,6.443054656
1525,199.0806956,0.001155083,0.129615302,846.4903225,2593.83668,848.2518245,2791.500016,2.32211225,6.437169472
1550,199.8561673,0.001156289,0.127593238,849.9526059,2594.204998,851.7448545,2791.974516,2.329441922,6.431370979
1575,200.6219462,0.001157487,0.12563311,853.3741754,2594.56234,855.1972176,2792.434489,2.336673693,6.425656374
1600,201.378308,0.001158677,0.123732083,856.7561903,2594.90903,858.6100728,2792.880364,2.34381047,6.420022988
1625,202.1255161,0.001159858,0.121887492,860.0997594,2595.245376,861.9845288,2793.312551,2.350855029,6.414468277
1650,202.8638228,0.001161032,0.120096831,863.4059438,2595.571673,865.3216463,2793.731444,2.357810025,6.408989813
1675,203.5934694,0.001162198,0.11835774,866.6757599,2595.888202,868.6224414,2794.137417,2.364677996,6.403585279
1700,204.3146875,0.001163357,0.116667997,869.9101816,2596.195234,871.8878879,2794.530829,2.371461374,6.39825246
1725,205.027699,0.001164508,0.115025506,873.1101428,2596.493026,875.1189196,2794.912023,2.378162487,6.39298924
1750,205.7327167,0.001165653,0.113428288,876.2765399,2596.781826,878.3164323,2795.28133,2.384783565,6.387793593
1775,206.4299451,0.001166791,0.111874475,879.4102331,2597.061871,881.4812865,2795.639065,2.39132675,6.382663583
1800,207.1195805,0.001167922,0.1103623,882.5120493,2597.333389,884.6143084,2795.98553,2.397794093,6.377597351
1825,207.8018116,0.001169046,0.108890092,885.582783,2597.596599,887.7162927,2796.321016,2.404187568,6.372593118
1850,208.4768201,0.001170165,0.107456267,888.6231985,2597.851709,890.7880032,2796.645802,2.410509068,6.367649179
1875,209.1447804,0.001171277,0.106059326,891.6340311,2598.098921,893.8301753,2796.960157,2.416760415,6.362763894
1900,209.8058608,0.001172383,0.104697846,894.615989,2598.33843,896.8435167,2797.264337,2.422943361,6.357935693
1925,210.4602232,0.001173483,0.103370478,897.5697542,2598.570421,899.8287095,2797.558591,2.42905959,6.353163065
1950,211.1080236,0.001174578,0.10207594,900.4959841,2598.795074,902.7864108,2797.843158,2.435110724,6.348444558
1975,211.7494126,0.001175667,0.100813015,903.3953124,2599.012563,905.7172543,2798.118268,2.441098329,6.343778776
2000,212.3845353,0.00117675,0.099580544,906.2683506,2599.223052,908.6218511,2798.38414,2.447023908,6.339164377
2025,213.0135318,0.001177828,0.098377426,909.115689,2599.426703,911.5007914,2798.64099,2.452888916,6.334600068
2050,213.6365373,0.001178901,0.097202611,911.9378972,2599.62367,914.3546448,2798.889022,2.458694752,6.330084603
2075,214.2536825,0.001179969,0.0960551,914.7355256,2599.814102,917.1839614,2799.128435,2.464442769,6.325616784
2100,214.8650936,0.001181032,0.094933941,917.5091063,2599.998144,919.9892732,2799.35942,2.470134272,6.321195455
2125,215.4708926,0.00118209,0.093838225,920.2591533,2600.175935,922.7710942,2799.582163,2.475770522,6.316819499
2150,216.0711976,0.001183143,0.092767085,922.9861642,2600.347608,925.5299216,2799.796841,2.481352736,6.312487842
2175,216.6661227,0.001184191,0.091719694,925.6906201,2600.513294,928.2662365,2800.003627,2.486882093,6.308199446
2200,217.2557784,0.001185235,0.09069526,928.3729869,2600.673117,930.9805046,2800.202688,2.492359731,6.303953308
2225,217.8402718,0.001186275,0.089693027,931.0337156,2600.8272,933.6731769,2800.394185,2.497786752,6.299748459
2250,218.4197066,0.00118731,0.088712274,933.6732431,2600.975659,936.3446901,2800.578275,2.503164222,6.295583964
2275,218.994183,0.001188341,0.087752307,936.2919928,2601.118609,938.9954675,2800.755107,2.508493174,6.291458918
2300,219.5637985,0.001189367,0.086812465,938.890375,2601.256158,941.6259194,2800.924829,2.513774607,6.287372446
2325,220.1286475,0.00119039,0.085892115,941.4687878,2601.388414,944.2364435,2801.087581,2.519009489,6.283323702
2350,220.6888215,0.001191408,0.084990647,944.0276172,2601.51548,946.8274259,2801.2435,2.52419876,6.279311867
2375,221.2444093,0.001192422,0.08410748,946.5672377,2601.637456,949.3992409,2801.392721,2.52934333,6.275336148
2400,221.7954972,0.001193433,0.083242055,949.0880129,2601.754438,951.9522521,2801.53537,2.53444408,6.271395777
2425,222.3421688,0.00119444,0.082393837,951.5902959,2601.86652,954.4868124,2801.671574,2.539501868,6.267490009
2450,222.8845054,0.001195443,0.08156231,954.0744295,2601.973795,957.0032645,2801.801453,2.544517525,6.263618124
2475,223.4225861,0.001196442,0.08074698,956.5407468,2602.076349,959.5019415,2801.925125,2.549491857,6.259779422
2500,223.9564875,0.001197438,0.079947373,958.9895715,2602.17427,961.983167,2802.042704,2.554425647,6.255973226
2525,224.4862842,0.001198431,0.079163034,961.4212185,2602.26764,964.4472556,2802.1543,2.559319657,6.252198879
2550,225.0120489,0.001199419,0.078393522,963.8359936,2602.356541,966.8945133,2802.260021,2.564174625,6.248455741
2575,225.5338519,0.001200405,0.077638416,966.2341947,2602.44105,969.3252377,2802.359973,2.56899127,6.244743194
2600,226.0517621,0.001201387,0.076897311,968.6161112,2602.521245,971.7397182,2802.454255,2.573770291,6.241060637
2625,226.5658461,0.001202366,0.076169816,970.982025,2602.5972,974.1382366,2802.542967,2.578512367,6.237407485
2650,227.076169,0.001203342,0.075455554,973.3322106,2602.668987,976.5210672,2802.626205,2.583218159,6.23378317
2675,227.582794,0.001204315,0.074754163,975.666935,2602.736676,978.8884772,2802.704062,2.587888309,6.230187143
2700,228.0857829,0.001205284,0.074065294,977.9864584,2602.800336,981.2407265,2802.776629,2.592523443,6.226618866
2750,229.0810908,0.001207215,0.072723786,982.5809099,2602.915831,985.9007507,2802.906244,2.601691084,6.219563496
2800,230.0625549,0.001209134,0.07142848,987.1175165,2603.015984,990.5030905,2803.015727,2.610725766,6.212613059
2850,231.0306144,0.001211041,0.070176998,991.598133,2603.101279,995.0496001,2803.105723,2.619631932,6.20576377
2900,231.9856872,0.001212938,0.068967126,996.0245236,2603.172177,999.5420434,2803.176842,2.628413806,6.199012039
2950,232.9281711,0.001214824,0.067796797,1000.398368,2603.229112,1003.9821,2803.229664,2.637075401,6.192354464
3000,233.858445,0.001216701,0.066664079,1004.721268,2603.272502,1008.37137,2803.264739,2.645620539,6.185787811
3050,234.7768704,0.001218567,0.065567165,1008.99475,2603.302739,1012.71138,2803.282593,2.654052856,6.17930901
3100,235.6837921,0.001220425,0.064504362,1013.22027,2603.320202,1017.003587,2803.283724,2.662375823,6.172915138
3150,236.5795396,0.001222273,0.063474083,1017.399223,2603.325248,1021.249382,2803.268609,2.670592746,6.166603416
3200,237.4644277,0.001224113,0.062474838,1021.532937,2603.318218,1025.450097,2803.237701,2.678706784,6.160371194
3250,238.3387576,0.001225944,0.061505229,1025.622687,2603.299439,1029.607003,2803.191433,2.686720956,6.154215946
3300,239.2028175,0.001227767,0.060563938,1029.66969,2603.269222,1033.72132,2803.130218,2.694638147,6.148135262
3350,240.0568836,0.001229582,0.059649728,1033.675116,2603.227865,1037.794215,2803.054452,2.702461116,6.142126841
3400,240.9012205,0.001231389,0.05876143,1037.640082,2603.175651,1041.826806,2802.964512,2.710192508,6.136188482
3450,241.736082,0.00123319,0.057897944,1041.565664,2603.112854,1045.820168,2802.860759,2.717834853,6.130318085
3500,242.5617116,0.001234983,0.05705823,1045.45289,2603.039734,1049.77533,2802.743541,2.725390579,6.124513636
3550,243.3783432,0.001236769,0.056241309,1049.302751,2602.95654,1053.693281,2802.613187,2.732862015,6.118773208
3600,244.1862014,0.001238548,0.055446251,1053.116199,2602.863512,1057.574973,2802.470016,2.740251396,6.113094958
3650,244.9855024,0.001240322,0.054672179,1056.894146,2602.760878,1061.42132,2802.314331,2.747560867,6.107477114
3700,245.7764537,0.001242089,0.053918261,1060.637474,2602.648859,1065.233201,2802.146427,2.754792491,6.101917979
3750,246.5592555,0.001243849,0.053183711,1064.347028,2602.527666,1069.011464,2801.966581,2.761948252,6.096415924
3800,247.3341002,0.001245605,0.05246778,1068.023626,2602.397502,1072.756923,2801.775066,2.769030056,6.090969385
3850,248.1011733,0.001247354,0.05176976,1071.668051,2602.258562,1076.470364,2801.572138,2.776039739,6.085576857
3900,248.8606536,0.001249098,0.051088978,1075.281063,2602.111032,1080.152545,2801.358046,2.782979071,6.080236895
3950,249.6127134,0.001250837,0.050424794,1078.863391,2601.955093,1083.804197,2801.133031,2.789849754,6.074948109
4000,250.3575191,0.001252571,0.049776601,1082.415742,2601.790918,1087.426024,2800.897322,2.796653429,6.06970916
4050,251.0952312,0.001254299,0.049143819,1085.938794,2601.618675,1091.018707,2800.651141,2.803391682,6.064518758
4100,251.8260047,0.001256023,0.048525897,1089.433208,2601.438522,1094.582904,2800.394701,2.810066039,6.059375663
4150,252.5499892,0.001257743,0.047922311,1092.899616,2601.250616,1098.119249,2800.128207,2.816677975,6.054278678
4200,253.2673297,0.001259458,0.04733256,1096.338635,2601.055104,1101.628358,2799.851858,2.823228915,6.049226648
4250,253.9781659,0.001261169,0.046756168,1099.750857,2600.85213,1105.110823,2799.565844,2.829720234,6.044218459
4300,254.6826333,0.001262875,0.046192678,1103.136858,2600.641834,1108.567221,2799.270349,2.836153262,6.039253037
4350,255.3808627,0.001264578,0.045641656,1106.497193,2600.424347,1111.998106,2798.965552,2.842529286,6.034329344
4400,256.072981,0.001266276,0.045102687,1109.832402,2600.1998,1115.404018,2798.651622,2.848849547,6.029446376
4450,256.7591109,0.001267971,0.044575373,1113.143006,2599.968315,1118.785478,2798.328726,2.855115252,6.024603166
4500,257.4393713,0.001269663,0.044059335,1116.42951,2599.730014,1122.142993,2797.997022,2.861327563,6.019798774
4550,258.1138775,0.001271351,0.04355421,1119.692405,2599.485012,1125.477051,2797.656666,2.86748761,6.015032296
4600,258.7827412,0.001273035,0.043059649,1122.932166,2599.23342,1128.788129,2797.307805,2.873596486,6.010302854
4650,259.4460707,0.001274717,0.04257532,1126.149254,2598.975348,1132.076687,2796.950584,2.879655249,6.005609598
4700,260.1039711,0.001276395,0.042100903,1129.344116,2598.710898,1135.343173,2796.585142,2.885664928,6.000951707
4750,260.7565445,0.00127807,0.041636093,1132.517187,2598.440172,1138.588021,2796.211613,2.891626517,5.996328383
4800,261.4038897,0.001279743,0.041180595,1135.668888,2598.163269,1141.811653,2795.830127,2.897540983,5.991738854
4850,262.0461029,0.001281412,0.04073413,1138.799629,2597.880281,1145.014478,2795.44081,2.903409264,5.987182372
4900,262.6832775,0.001283079,0.040296425,1141.909807,2597.5913,1148.196896,2795.043783,2.90923227,5.982658211
4950,263.3155042,0.001284744,0.039867222,1144.999811,2597.296415,1151.359292,2794.639163,2.915010883,5.978165666
5000,263.9428712,0.001286406,0.039446271,1148.070014,2596.99571,1154.502042,2794.227066,2.920745964,5.973704054
5050,264.5654641,0.001288065,0.039033333,1151.120785,2596.689269,1157.625514,2793.807601,2.926438346,5.96927271
5100,265.1833663,0.001289723,0.038628177,1154.152477,2596.377171,1160.730062,2793.380874,2.93208884,5.964870991
5150,265.7966589,0.001291378,0.038230581,1157.165438,2596.059494,1163.816034,2792.946989,2.937698234,5.96049827
5200,266.4054207,0.001293031,0.037840333,1160.160005,2595.736313,1166.883766,2792.506046,2.943267295,5.956153938
5250,267.0097286,0.001294682,0.037457227,1163.136505,2595.407701,1169.933587,2792.058142,2.948796768,5.951837405
5300,267.6096572,0.001296332,0.037081065,1166.095259,2595.073727,1172.965816,2791.603371,2.954287379,5.947548094
5350,268.2052793,0.001297979,0.036711657,1169.036578,2594.734459,1175.980766,2791.141823,2.959739835,5.943285445
5400,268.7966658,0.001299625,0.036348819,1171.960765,2594.389965,1178.97874,2790.673588,2.965154823,5.939048916
5450,269.3838858,0.001301269,0.035992375,1174.868116,2594.040307,1181.960033,2790.198749,2.970533012,5.934837975
5500,269.9670065,0.001302912,0.035642153,1177.758919,2593.685547,1184.924935,2789.717391,2.975875055,5.930652107
5550,270.5460936,0.001304553,0.035297991,1180.633456,2593.325746,1187.873726,2789.229594,2.981181588,5.92649081
5600,271.1212109,0.001306193,0.034959727,1183.492,2592.960962,1190.806682,2788.735434,2.98645323,5.922353594
5650,271.6924208,0.001307832,0.03462721,1186.33482,2592.591251,1193.724069,2788.234988,2.991690584,5.918239982
5700,272.2597841,0.001309469,0.034300292,1189.162176,2592.216667,1196.626151,2787.72833,2.99689424,5.91414951
5750,272.8233603,0.001311106,0.033978829,1191.974324,2591.837264,1199.513181,2787.215529,3.002064772,5.910081725
5800,273.383207,0.001312741,0.033662683,1194.771512,2591.453094,1202.385409,2786.696655,3.007202739,5.906036184
5850,273.9393809,0.001314375,0.033351721,1197.553983,2591.064205,1205.243078,2786.171774,3.012308689,5.902012458
5900,274.4919372,0.001316009,0.033045815,1200.321975,2590.670646,1208.086426,2785.640952,3.017383155,5.898010125
5950,275.0409296,0.001317641,0.032744838,1203.07572,2590.272464,1210.915685,2785.104251,3.022426658,5.894028775
6000,275.5864108,0.001319273,0.032448671,1205.815444,2589.869705,1213.731082,2784.561732,3.027439705,5.890068009
6050,276.1284321,0.001320904,0.032157197,1208.541369,2589.462412,1216.53284,2784.013455,3.032422794,5.886127435
6100,276.6670438,0.001322535,0.031870303,1211.253712,2589.050628,1219.321174,2783.459476,3.03737641,5.882206671
6150,277.2022949,0.001324165,0.031587879,1213.952684,2588.634394,1222.096298,2782.899852,3.042301026,5.878305344
6200,277.7342333,0.001325794,0.03130982,1216.638492,2588.213752,1224.858418,2782.334637,3.047197106,5.874423091
6250,278.2629059,0.001327424,0.031036023,1219.31134,2587.788739,1227.607738,2781.763883,3.052065103,5.870559555
6300,278.7883586,0.001329052,0.030766388,1221.971425,2587.359393,1230.344455,2781.187641,3.056905458,5.866714388
6350,279.3106361,0.001330681,0.03050082,1224.618942,2586.925752,1233.068766,2780.60596,3.061718604,5.862887249
6400,279.8297823,0.001332309,0.030239225,1227.25408,2586.48785,1235.78086,2780.018889,3.066504966,5.859077807
6450,280.34584,0.001333938,0.029981512,1229.877025,2586.045723,1238.480922,2779.426474,3.071264956,5.855285736
6500,280.8588512,0.001335566,0.029727593,1232.48796,2585.599403,1241.169137,2778.82876,3.075998979,5.851510717
6550,281.3688569,0.001337194,0.029477385,1235.087062,2585.148923,1243.845681,2778.225792,3.080707433,5.847752439
6600,281.8758973,0.001338822,0.029230802,1237.674507,2584.694315,1246.510732,2777.617611,3.085390704,5.844010598
6650,282.3800118,0.00134045,0.028987767,1240.250465,2584.235608,1249.164459,2777.004259,3.090049174,5.840284894
6700,282.8812389,0.001342079,0.0287482,1242.815104,2583.772834,1251.807031,2776.385776,3.094683212,5.836575036
6750,283.3796161,0.001343707,0.028512027,1245.368588,2583.306019,1254.438613,2775.762202,3.099293184,5.832880737
6800,283.8751806,0.001345336,0.028279174,1247.911079,2582.835193,1257.059366,2775.133573,3.103879446,5.829201718
6850,284.3679684,0.001346966,0.028049569,1250.442735,2582.360381,1259.669449,2774.499927,3.108442348,5.825537704
6900,284.858015,0.001348595,0.027823143,1252.963709,2581.881611,1262.269017,2773.861299,3.112982231,5.821888425
6950,285.3453551,0.001350225,0.02759983,1255.474155,2581.398907,1264.858222,2773.217724,3.117499431,5.818253619
7000,285.8300228,0.001351856,0.027379563,1257.974221,2580.912294,1267.437214,2772.569235,3.121994277,5.814633028
7050,286.3120514,0.001353487,0.027162279,1260.464053,2580.421797,1270.006139,2771.915864,3.12646709,5.811026397
7100,286.7914735,0.001355119,0.026947917,1262.943794,2579.927437,1272.565141,2771.257644,3.130918188,5.807433478
7150,287.2683213,0.001356752,0.026736415,1265.413586,2579.429237,1275.114362,2770.594605,3.135347879,5.803854028
7200,287.7426261,0.001358385,0.026527716,1267.873566,2578.927219,1277.65394,2769.926775,3.139756468,5.800287809
7250,288.2144188,0.001360019,0.026321763,1270.32387,2578.421404,1280.184011,2769.254186,3.144144252,5.796734584
7300,288.6837296,0.001361654,0.0261185,1272.764632,2577.911811,1282.704709,2768.576863,3.148511523,5.793194126
7350,289.1505881,0.00136329,0.025917874,1275.195981,2577.398462,1285.216164,2767.894834,3.15285857,5.789666208
7400,289.6150235,0.001364927,0.025719831,1277.618046,2576.881374,1287.718507,2767.208125,3.157185672,5.786150608
7450,290.0770642,0.001366565,0.025524322,1280.030954,2576.360566,1290.211863,2766.516762,3.161493107,5.782647109
7500,290.5367384,0.001368204,0.025331295,1282.434827,2575.836056,1292.696357,2765.820769,3.165781145,5.779155497
7550,290.9940734,0.001369844,0.025140703,1284.829789,2575.30786,1295.172112,2765.120171,3.170050053,5.775675563
7600,291.4490962,0.001371485,0.024952499,1287.215958,2574.775997,1297.639246,2764.414989,3.174300093,5.7722071
7650,291.9018334,0.001373128,0.024766636,1289.593452,2574.24048,1300.09788,2763.705247,3.17853152,5.768749907
7700,292.3523109,0.001374772,0.02458307,1291.962387,2573.701327,1302.548128,2762.990966,3.182744587,5.765303784
7750,292.8005543,0.001376417,0.024401757,1294.322876,2573.158551,1304.990105,2762.272166,3.186939543,5.761868537
7800,293.2465886,0.001378063,0.024222654,1296.675031,2572.612168,1307.423923,2761.548869,3.191116629,5.758443971
7850,293.6904385,0.001379711,0.02404572,1299.018961,2572.062191,1309.849692,2760.821093,3.195276086,5.7550299
7900,294.1321281,0.00138136,0.023870914,1301.354776,2571.508633,1312.267522,2760.088858,3.199418148,5.751626137
7950,294.5716812,0.001383011,0.023698198,1303.68258,2570.951508,1314.677519,2759.352181,3.203543046,5.7482325
8000,295.0091212,0.001384664,0.023527532,1306.002479,2570.390827,1317.079789,2758.611081,3.207651008,5.744848809
8050,295.444471,0.001386318,0.023358878,1308.314575,2569.826603,1319.474434,2757.865573,3.211742256,5.741474887
8100,295.8777531,0.001387974,0.023192201,1310.61897,2569.258847,1321.861557,2757.115675,3.21581701,5.73811056
8150,296.3089897,0.001389631,0.023027464,1312.915763,2568.68757,1324.241257,2756.361403,3.219875486,5.734755657
8200,296.7382026,0.00139129,0.022864633,1315.205053,2568.112783,1326.613635,2755.60277,3.223917896,5.731410011
8250,297.1654131,0.001392952,0.022703673,1317.486935,2567.534495,1328.978786,2754.839793,3.227944448,5.728073454
8300,297.5906424,0.001394615,0.02254455,1319.761505,2566.952716,1331.336806,2754.072485,3.231955349,5.724745824
8350,298.013911,0.00139628,0.022387234,1322.028856,2566.367455,1333.687791,2753.300858,3.235950801,5.72142696
8400,298.4352394,0.001397947,0.022231691,1324.289081,2565.778721,1336.031832,2752.524928,3.239931001,5.718116703
8450,298.8546475,0.001399615,0.022077891,1326.54227,2565.186523,1338.369021,2751.744704,3.243896146,5.714814898
8500,299.272155,0.001401287,0.021925804,1328.788512,2564.590868,1340.699448,2750.9602,3.247846428,5.71152139
8550,299.6877813,0.00140296,0.021775399,1331.027897,2563.991763,1343.023202,2750.171427,3.251782038,5.708236029
8600,300.1015454,0.001404635,0.021626649,1333.26051,2563.389216,1345.340371,2749.378395,3.255703161,5.704958664
8650,300.5134661,0.001406313,0.021479524,1335.486436,2562.783234,1347.65104,2748.581114,3.259609981,5.701689149
8700,300.9235617,0.001407992,0.021333997,1337.705761,2562.173822,1349.955295,2747.779595,3.26350268,5.698427339
8750,301.3318504,0.001409675,0.021190041,1339.918568,2561.560987,1352.253219,2746.973846,3.267381435,5.695173089
8800,301.73835,0.001411359,0.02104763,1342.124937,2560.944733,1354.544896,2746.163876,3.271246423,5.691926259
8850,302.1430782,0.001413046,0.020906737,1344.32495,2560.325067,1356.830407,2745.349694,3.275097815,5.688686709
8900,302.5460521,0.001414735,0.020767339,1346.518687,2559.701993,1359.109831,2744.531306,3.278935783,5.685454302
8950,302.9472888,0.001416427,0.020629409,1348.706226,2559.075514,1361.383249,2743.708721,3.282760495,5.682228901
9000,303.346805,0.001418122,0.020492923,1350.887644,2558.445636,1363.650738,2742.881946,3.286572115,5.679010374
9050,303.7446172,0.001419819,0.020357859,1353.063018,2557.812361,1365.912376,2742.050985,3.290370807,5.675798586
9100,304.1407417,0.001421518,0.020224193,1355.232423,2557.175693,1368.168239,2741.215846,3.294156732,5.672593408
9150,304.5351944,0.001423221,0.020091901,1357.395933,2556.535635,1370.418402,2740.376533,3.297930047,5.669394711
9200,304.9279911,0.001424926,0.019960963,1359.553622,2555.892188,1372.662939,2739.533051,3.30169091,5.666202366
9250,305.3191472,0.001426634,0.019831357,1361.705562,2555.245356,1374.901923,2738.685405,3.305439473,5.663016247
9300,305.7086781,0.001428344,0.01970306,1363.851824,2554.595139,1377.135427,2737.833599,3.30917589,5.65983623
9350,306.0965988,0.001430058,0.019576053,1365.99248,2553.941539,1379.363523,2736.977636,3.31290031,5.656662191
9400,306.482924,0.001431775,0.019450315,1368.127598,2553.284557,1381.586279,2736.117518,3.316612881,5.653494009
9450,306.8676684,0.001433494,0.019325826,1370.257248,2552.624194,1383.803768,2735.25325,3.320313748,5.650331562
9500,307.2508464,0.001435217,0.019202567,1372.381497,2551.96045,1386.016056,2734.384832,3.324003055,5.647174731
9550,307.6324721,0.001436942,0.019080518,1374.500412,2551.293324,1388.223212,2733.512266,3.327680944,5.644023399
9600,308.0125594,0.001438671,0.01895966,1376.614059,2550.622816,1390.425303,2732.635554,3.331347556,5.640877447
9650,308.3911222,0.001440403,0.018839976,1378.722505,2549.948925,1392.622395,2731.754696,3.335003029,5.63773676
9700,308.768174,0.001442138,0.018721448,1380.825813,2549.27165,1394.814555,2730.869692,3.338647498,5.634601224
9750,309.1437281,0.001443877,0.018604057,1382.924048,2548.590989,1397.001847,2729.980543,3.3422811,5.631470725
9800,309.5177977,0.001445619,0.018487786,1385.017272,2547.90694,1399.184334,2729.087246,3.345903966,5.62834515
9850,309.8903957,0.001447364,0.018372619,1387.105548,2547.219502,1401.362081,2728.189803,3.349516229,5.625224387
9900,310.2615351,0.001449112,0.018258539,1389.188938,2546.52867,1403.53515,2727.288209,3.353118018,5.622108327
9950,310.6312284,0.001450864,0.01814553,1391.267502,2545.834442,1405.703602,2726.382465,3.356709461,5.618996858
10000,310.999488,0.00145262,0.018033575,1393.341302,2545.136814,1407.867501,2725.472566,3.360290685,5.615889874
10100,311.7317551,0.001456142,0.017812767,1397.474843,2543.731345,1412.181875,2723.640296,3.367422976,5.609688924
10200,312.4584325,0.001459678,0.017595994,1401.590032,2542.312225,1416.478751,2721.791367,3.374515874,5.603504624
10300,313.1796137,0.00146323,0.017383139,1405.687329,2540.879413,1420.758596,2719.925745,3.381570341,5.597336132
10400,313.8953895,0.001466797,0.017174089,1409.767183,2539.432861,1425.02187,2718.043383,3.388587317,5.591182618
10500,314.6058484,0.00147038,0.016968735,1413.830036,2537.972516,1429.269023,2716.144231,3.395567721,5.585043263
10600,315.3110765,0.001473979,0.016766973,1417.876321,2536.498316,1433.500498,2714.228229,3.402512453,5.578917257
10700,316.0111578,0.001477595,0.016568702,1421.906464,2535.010195,1437.716729,2712.295309,3.409422397,5.572803797
10800,316.7061737,0.001481228,0.016373826,1425.920882,2533.508079,1441.918144,2710.345396,3.416298416,5.566702089
10900,317.3962038,0.001484879,0.016182249,1429.919987,2531.991889,1446.105163,2708.378408,3.423141359,5.560611347
11000,318.0813257,0.001488547,0.015993883,1433.904182,2530.461538,1450.2782,2706.394253,3.429952058,5.554530789
11100,318.7616148,0.001492234,0.015808639,1437.873864,2528.916934,1454.437665,2704.392832,3.436731331,5.548459639
11200,319.4371447,0.00149594,0.015626434,1441.829427,2527.357977,1458.583959,2702.37404,3.443479983,5.542397126
11300,320.1079872,0.001499666,0.015447186,1445.771257,2525.78456,1462.717481,2700.337759,3.450198805,5.536342482
11400,320.7742122,0.001503411,0.015270816,1449.699736,2524.196569,1466.838624,2698.283868,3.456888575,5.530294943
11500,321.4358881,0.001507177,0.015097248,1453.615242,2522.593885,1470.947777,2696.212235,3.463550062,5.524253746
11600,322.0930813,0.001510964,0.014926409,1457.518146,2520.97638,1475.045324,2694.122719,3.470184023,5.518218132
11700,322.7458569,0.001514772,0.014758227,1461.40882,2519.343919,1479.131647,2692.015172,3.476791205,5.512187341
11800,323.3942782,0.001518602,0.014592634,1465.287628,2517.69636,1483.207126,2689.889438,3.483372348,5.506160617
11900,324.0384072,0.001522454,0.014429563,1469.154934,2516.033555,1487.272137,2687.74535,3.489928182,5.5001372
12000,324.6783043,0.001526329,0.014268949,1473.011099,2514.355347,1491.327052,2685.582734,3.496459431,5.494116332
12100,325.3140285,0.001530229,0.01411073,1476.85648,2512.661572,1495.372245,2683.401409,3.502966811,5.488097255
12200,325.9456374,0.001534152,0.013954846,1480.691434,2510.952061,1499.408087,2681.201181,3.509451033,5.482079207
12300,326.5731874,0.0015381,0.013801237,1484.516316,2509.226633,1503.434946,2678.981851,3.515912803,5.476061428
12400,327.1967334,0.001542074,0.013649847,1488.33148,2507.485102,1507.453192,2676.743209,3.522352822,5.470043153
12500,327.8163293,0.001546073,0.013500621,1492.137279,2505.727277,1511.463194,2674.485038,3.528771788,5.464023615
12600,328.4320275,0.0015501,0.013353504,1495.934066,2503.952954,1515.465321,2672.20711,3.535170396,5.458002045
12700,329.0438795,0.001554153,0.013208446,1499.722194,2502.161925,1519.459943,2669.90919,3.541549338,5.451977671
12800,329.6519354,0.001558236,0.013065395,1503.502015,2500.353975,1523.44743,2667.591033,3.547909305,5.445949715
12900,330.2562444,0.001562347,0.012924303,1507.273884,2498.528878,1527.428154,2665.252386,3.554250987,5.439917399
13000,330.8568544,0.001566487,0.012785122,1511.038156,2496.686403,1531.402489,2662.892984,3.560575073,5.433879939
13100,331.4538126,0.001570658,0.012647805,1514.795186,2494.826311,1535.370809,2660.512559,3.566882252,5.427836546
13200,332.0471647,0.001574861,0.012512309,1518.545333,2492.948355,1539.333493,2658.110828,3.573173217,5.421786428
13300,332.6369559,0.001579095,0.012378588,1522.288957,2491.052279,1543.290922,2655.687503,3.579448659,5.415728788
13400,333.2232301,0.001583363,0.012246602,1526.02642,2489.137823,1547.243479,2653.242286,3.585709272,5.409662823
13500,333.8060304,0.001587664,0.012116308,1529.758087,2487.204714,1551.191552,2650.774869,3.591955755,5.403587727
13600,334.385399,0.001592,0.011987666,1533.484328,2485.252677,1555.135531,2648.284938,3.598188809,5.397502688
13700,334.9613771,0.001596372,0.011860638,1537.205512,2483.281425,1559.075811,2645.772167,3.604409136,5.391406887
13800,335.5340051,0.001600781,0.011735185,1540.922014,2481.290667,1563.012792,2643.236225,3.610617448,5.385299503
13900,336.1033227,0.001605227,0.011611271,1544.634215,2479.280101,1566.946877,2640.676769,3.616814456,5.379179707
14000,336.6693686,0.001609713,0.011488859,1548.342496,2477.24942,1570.878476,2638.093448,3.623000882,5.373046665
14100,337.2321808,0.001614238,0.011367915,1552.047244,2475.19831,1574.808004,2635.485906,3.62917745,5.366899538
14200,337.7917965,0.001618805,0.011248403,1555.748853,2473.126447,1578.735879,2632.853774,3.635344892,5.360737481
14300,338.3482521,0.001623413,0.011130292,1559.447717,2471.033502,1582.662528,2630.196677,3.641503946,5.354559644
14400,338.9015833,0.001628065,0.011013548,1563.144239,2468.919138,1586.588382,2627.514232,3.647655357,5.348365171
14500,339.4518252,0.001632762,0.01089814,1566.838825,2466.78301,1590.513878,2624.806047,3.653799878,5.342153199
14600,339.999012,0.001637505,0.010784038,1570.531888,2464.624768,1594.439462,2622.071722,3.65993827,5.335922862
14700,340.5431774,0.001642295,0.010671211,1574.223846,2462.444053,1598.365584,2619.310851,3.666071301,5.329673287
14800,341.0843543,0.001647134,0.010559629,1577.915121,2460.2405,1602.292701,2616.523016,3.672199748,5.323403595
14900,341.622575,0.001652022,0.010449266,1581.606143,2458.013736,1606.221277,2613.707796,3.678324397,5.317112903
15000,342.1578712,0.001656963,0.010340092,1585.297347,2455.763383,1610.151786,2610.864759,3.684446043,5.310800319
15100,342.6902741,0.001661956,0.01023208,1588.989173,2453.489055,1614.084704,2607.993467,3.690565487,5.304464951
15200,343.2198139,0.001667003,0.010125205,1592.68207,2451.190359,1618.020518,2605.093474,3.696683543,5.298105897
15300,343.7465207,0.001672107,0.01001944,1596.376489,2448.866897,1621.95972,2602.164326,3.702801031,5.291722251
15400,344.2704236,0.001677268,0.00991476,1600.07289,2446.518264,1625.902812,2599.205565,3.708918782,5.285313103
15500,344.7915516,0.001682488,0.00981114,1603.771737,2444.144046,1629.850299,2596.216721,3.715037635,5.278877536
15600,345.3099327,0.001687769,0.009708557,1607.473502,2441.743827,1633.802698,2593.197322,3.721158438,5.27241463
15700,345.8255947,0.001693113,0.009606987,1611.17866,2439.317181,1637.76053,2590.146884,3.727282048,5.265923457
15800,346.3385646,0.001698521,0.009506408,1614.887696,2436.863678,1641.724323,2587.06492,3.733409331,5.259403087
15900,346.8488692,0.001703995,0.009406796,1618.601096,2434.382882,1645.694613,2583.950936,3.739541162,5.252852582
16000,347.3565344,0.001709537,0.00930813,1622.319354,2431.874348,1649.671943,2580.804428,3.745678423,5.246271002
16100,347.8615861,0.001715149,0.009210389,1626.042969,2429.33763,1653.656862,2577.62489,3.751822004,5.239657399
16200,348.3640493,0.001720832,0.009113552,1629.772445,2426.772271,1657.649925,2574.411806,3.757972803,5.233010823
16300,348.8639488,0.001726589,0.009017598,1633.508289,2424.177812,1661.651694,2571.164656,3.764131725,5.226330318
16400,349.3613087,0.001732422,0.008922508,1637.251016,2421.553786,1665.662734,2567.882911,3.770299682,5.219614922
16500,349.8561529,0.001738332,0.008828262,1641.001142,2418.899719,1669.68362,2564.566039,3.776477591,5.21286367
16600,350.3485046,0.001744393,0.008735693,1644.793195,2416.236299,1673.750127,2561.248789,3.782715858,5.206133775
16700,350.8383869,0.001750491,0.008642987,1648.567199,2413.514113,1677.800396,2557.851991,3.788929187,5.199294869
16800,351.3258222,0.001756679,0.008551043,1652.352012,2410.756937,1681.864226,2554.414449,3.795158393,5.192410838
16900,351.8108326,0.001762962,0.008459837,1656.148351,2407.963886,1685.942419,2550.93512,3.801404744,5.185479932
17000,352.2934396,0.001769344,0.008369346,1659.956966,2405.134016,1690.035814,2547.412892,3.807669562,5.178500304
17100,352.7736647,0.001775827,0.008279548,1663.778641,2402.266325,1694.145287,2543.846583,3.813954231,5.171470003
17200,353.2515286,0.001782416,0.008190419,1667.614199,2399.359744,1698.271761,2540.234938,3.820260198,5.164386963
17300,353.7270517,0.001789115,0.008101936,1671.464503,2396.413136,1702.416202,2536.576621,3.826588979,5.157249004
17400,354.2002543,0.001795929,0.008014076,1675.330463,2393.425292,1706.579626,2532.870212,3.832942167,5.150053815
17500,354.6711559,0.001802861,0.007926816,1679.213033,2390.394923,1710.763108,2529.114198,3.839321441,5.142798949
17600,355.1397759,0.001809918,0.007840132,1683.113223,2387.320655,1714.967777,2525.306969,3.845728565,5.135481813
17700,355.6061332,0.001817103,0.007754,1687.032099,2384.201026,1719.194831,2521.44681,3.852165404,5.128099653
17800,356.0702465,0.001824424,0.007668395,1690.970788,2381.034473,1723.445535,2517.531892,3.85863393,5.120649545
17900,356.5321339,0.001831885,0.007583293,1694.930487,2377.81933,1727.721232,2513.560262,3.86513623,5.113128381
18000,356.9918133,0.001839494,0.007498668,1698.912465,2374.553813,1732.02335,2509.529835,3.87167452,5.105532848
18100,357.4493023,0.001847256,0.007414496,1702.918074,2371.236017,1736.353407,2505.43838,3.878251157,5.097859418
18200,357.9046178,0.001855179,0.007330748,1706.948755,2367.863897,1740.713022,2501.28351,3.884868648,5.09010432
18300,358.3577767,0.001863272,0.007247399,1711.006045,2364.435265,1745.103926,2497.062662,3.891529673,5.082263523
18400,358.8087954,0.001871542,0.00716442,1715.091591,2360.947765,1749.52797,2492.773087,3.898237095,5.074332711
18500,359.25769,0.001879999,0.007081782,1719.207158,2357.398866,1753.987141,2488.411828,3.904993985,5.066307252
18600,359.7044761,0.001888652,0.006999455,1723.354644,2353.785839,1758.483575,2483.9757,3.911803641,5.058182165
18700,360.1491691,0.001897512,0.006917408,1727.536093,2350.10574,1763.019573,2479.461264,3.918669614,5.049952088
18800,360.5917837,0.001906591,0.006835608,1731.753712,2346.355383,1767.597621,2474.864804,3.925595738,5.041611231
18900,361.0323347,0.0019159,0.00675402,1736.00989,2342.531314,1772.220411,2470.182291,3.932586162,5.033153331
19000,361.4708361,0.001925455,0.006672609,1740.307222,2338.629782,1776.890865,2465.409349,3.939645388,5.024571598
19100,361.9073017,0.001935269,0.006591336,1744.64853,2334.646702,1781.612164,2460.541217,3.946778316,5.015858647
19200,362.3417447,0.001945359,0.006510161,1749.036898,2330.577613,1786.387785,2455.572696,3.953990296,5.007006428
19300,362.7741781,0.001955742,0.00642904,1753.475701,2326.417631,1791.221532,2450.498093,3.961287185,4.998006139
19400,363.2046141,0.00196644,0.006347927,1757.968652,2322.161392,1796.117592,2445.311161,3.968675422,4.988848125
19500,363.6330647,0.001977474,0.006266771,1762.519842,2317.802984,1801.08058,2440.005014,3.976162108,4.979521759
19600,364.0595412,0.001988868,0.006185519,1767.133805,2313.335872,1806.11561,2434.572043,3.983755105,4.970015301
19700,364.4840544,0.002000649,0.006104112,1771.81558,2308.752798,1811.228369,2429.0038,3.991463157,4.96031573
19800,364.9066144,0.002012849,0.006022485,1776.570796,2304.045671,1816.425209,2423.29087,3.999296033,4.950408544
19900,365.3272305,0.002025502,0.005940567,1781.405772,2299.205432,1821.713264,2417.422712,4.007264697,4.94027751
20000,365.7459115,0.002038647,0.005858279,1786.327638,2294.221882,1827.100582,2411.387463,4.015381523,4.929904372
20100,366.1626652,0.002052329,0.005775534,1791.344484,2289.083478,1832.5963,2405.171702,4.023660559,4.919268479
20200,366.5774982,0.002066599,0.005692232,1796.465552,2283.777077,1838.210857,2398.760148,4.03211785,4.908346327
20300,366.9904162,0.002081517,0.00560826,1801.701468,2278.287611,1843.956257,2392.135289,4.040771856,4.897110986
20400,367.4014235,0.00209715,0.005523492,1807.064549,2272.597679,1849.846419,2385.276908,4.049643975,4.885531366
20500,367.8105229,0.002113582,0.005437778,1812.569189,2266.687016,1855.897613,2378.161462,4.058759229,4.873571272
20600,368.2177152,0.002130906,0.005350946,1818.232374,2260.531801,1862.129042,2370.761288,4.068147156,4.861188166
20700,368.6229992,0.002149239,0.005262792,1824.074367,2254.10373,1868.563622,2363.043528,4.077843004,4.848331524
20800,369.0263707,0.002168721,0.005173073,1830.119634,2247.368772,1875.229026,2354.968683,4.087889354,4.834940605
20900,369.4278225,0.002189523,0.005081492,1836.398134,2240.285432,1882.159157,2346.488608,4.098338379,4.820941357
21000,369.827343,0.00221186,0.004987685,1842.947154,2232.802293,1889.396219,2337.543664,4.109255045,4.806242033
21100,370.2249156,0.002236008,0.004891192,1849.813993,2224.854423,1896.99377,2328.058563,4.120721814,4.790726786
21200,370.6205168,0.002262326,0.004791422,1857.060026,2216.35795,1905.021332,2317.936097,4.132845758,4.77424599
21300,371.0141145,0.002291294,0.004687593,1864.767108,2207.201535,1913.571669,2307.047268,4.145769783,4.756601039
21400,371.4056651,0.002323582,0.004578633,1873.048177,2197.232283,1922.772829,2295.215025,4.159691208,4.737519239
21500,371.7951096,0.00236016,0.004463009,1882.065925,2186.231038,1932.809368,2282.185721,4.174894523,4.716609784
21600,372.1823676,0.002402521,0.004338403,1892.068398,2173.865483,1943.962846,2267.574982,4.191813879,4.693280226
21700,372.5673293,0.002453145,0.004201034,1903.464582,2159.591249,1956.697834,2250.753672,4.21116587,4.666560457
21800,372.9498421,0.002516675,0.004043994,1917.011685,2142.409531,1971.875201,2230.568604,4.234278824,4.63467156
21900,373.3296909,0.002603655,0.003852133,1934.409098,2120.112676,1991.429146,2204.474384,4.264138337,4.59368527
22000,373.7065652,0.002750367,0.003576666,1961.404639,2085.502082,2021.912713,2164.188732,4.310863706,4.530813626
22064,373.946,0.003081832,0.00312985,2015.41446,2022.689917,2083.411994,2091.746934,4.405631621,4.418512161
