T,P,VL,VV,UL,UV,HL,HV,SL,SV
0.01,0.611657,0.001000,205.997459,0.0000,2374.9112,0.0006,2500.9110,0.0000,9.1555
0.5,0.633782639,0.001000,199.160072,2.0673,2375.5872,2.0680,2501.8114,0.0076,9.1424
1,0.657088049,0.001000,192.444749,4.1760,2376.2768,4.1767,2502.7299,0.0153,9.1291
1.5,0.681149463,0.001000,185.982754,6.2838,2376.9663,6.2845,2503.6483,0.0229,9.1158
2,0.705987906,0.001000,179.763589,8.3909,2377.6556,8.3916,2504.5666,0.0306,9.1027
2.5,0.731624882,0.001000,173.777229,10.4972,2378.3448,10.4979,2505.4846,0.0383,9.0896
3,0.758082381,0.001000,168.014098,12.6028,2379.0339,12.6035,2506.4024,0.0459,9.0765
3.5,0.785382887,0.001000,162.465047,14.7077,2379.7228,14.7085,2507.3200,0.0535,9.0635
4,0.813549384,0.001000,157.121332,16.8119,2380.4115,16.8127,2508.2375,0.0611,9.0506
4.5,0.842605371,0.001000,151.974600,18.9155,2381.1001,18.9163,2509.1547,0.0687,9.0377
5,0.872574861,0.001000,147.016865,21.0185,2381.7885,21.0194,2510.0717,0.0763,9.0249
5.5,0.903482398,0.001000,142.240491,23.1209,2382.4768,23.1218,2510.9885,0.0838,9.0121
6,0.93535306,0.001000,137.638180,25.2227,2383.1648,25.2237,2511.9051,0.0913,8.9994
6.5,0.96821247,0.001000,133.202952,27.3240,2383.8528,27.3250,2512.8215,0.0989,8.9868
7,1.002086803,0.001000,128.928129,29.4248,2384.5405,29.4258,2513.7377,0.1064,8.9742
7.5,1.037002795,0.001000,124.807325,31.5251,2385.2281,31.5262,2514.6536,0.1139,8.9616
8,1.072987755,0.001000,120.834430,33.6249,2385.9155,33.6260,2515.5693,0.1213,8.9492
8.5,1.110069569,0.001000,117.003597,35.7243,2386.6027,35.7254,2516.4848,0.1288,8.9368
9,1.14827671,0.001000,113.309229,37.8232,2387.2897,37.8244,2517.4001,0.1362,8.9244
9.5,1.187638251,0.001000,109.745972,39.9218,2387.9766,39.9229,2518.3151,0.1437,8.9121
10,1.228183869,0.001000,106.308697,42.0199,2388.6632,42.0211,2519.2298,0.1511,8.8998
10.5,1.269943856,0.001000,102.992494,44.1176,2389.3497,44.1189,2520.1444,0.1585,8.8877
11,1.312949129,0.001000,99.792663,46.2149,2390.0360,46.2162,2521.0586,0.1659,8.8755
11.5,1.357231237,0.001000,96.704700,48.3119,2390.7220,48.3133,2521.9727,0.1732,8.8634
12,1.402822373,0.001001,93.724291,50.4086,2391.4079,50.4100,2522.8864,0.1806,8.8514
12.5,1.449755381,0.001001,90.847305,52.5049,2392.0936,52.5063,2523.8000,0.1880,8.8394
13,1.498063766,0.001001,88.069781,54.6009,2392.7791,54.6024,2524.7132,0.1953,8.8275
13.5,1.547781706,0.001001,85.387925,56.6966,2393.4643,56.6981,2525.6262,0.2026,8.8157
14,1.598944057,0.001001,82.798099,58.7920,2394.1494,58.7936,2526.5389,0.2099,8.8038
14.5,1.651586364,0.001001,80.296818,60.8871,2394.8343,60.8888,2527.4514,0.2172,8.7921
15,1.705744874,0.001001,77.880738,62.9819,2395.5189,62.9837,2528.3636,0.2245,8.7804
15.5,1.761456542,0.001001,75.546653,65.0765,2396.2033,65.0783,2529.2755,0.2317,8.7687
16,1.818759042,0.001001,73.291491,67.1709,2396.8875,67.1727,2530.1871,0.2390,8.7571
16.5,1.877690774,0.001001,71.112302,69.2650,2397.5715,69.2668,2531.0984,0.2462,8.7456
17,1.938290881,0.001001,69.006258,71.3588,2398.2552,71.3608,2532.0094,0.2534,8.7341
17.5,2.000599249,0.001001,66.970645,73.4524,2398.9388,73.4545,2532.9202,0.2607,8.7226
18,2.064656528,0.001001,65.002858,75.5459,2399.6221,75.5479,2533.8307,0.2678,8.7112
18.5,2.13050413,0.001002,63.100400,77.6391,2400.3051,77.6412,2534.7408,0.2750,8.6999
19,2.19818425,0.001002,61.260872,79.7321,2400.9880,79.7343,2535.6507,0.2822,8.6886
19.5,2.267739869,0.001002,59.481969,81.8249,2401.6706,81.8272,2536.5602,0.2894,8.6773
20,2.339214767,0.001002,57.761483,83.9176,2402.3529,83.9199,2537.4695,0.2965,8.6661
20.5,2.412653531,0.001002,56.097289,86.0100,2403.0351,86.0124,2538.3784,0.3036,8.6550
21,2.488101569,0.001002,54.487349,88.1023,2403.7169,88.1048,2539.2870,0.3108,8.6439
21.5,2.565605115,0.001002,52.929706,90.1944,2404.3986,90.1970,2540.1953,0.3179,8.6328
22,2.645211247,0.001002,51.422477,92.2864,2405.0799,92.2890,2541.1033,0.3250,8.6218
22.5,2.726967887,0.001002,49.963855,94.3782,2405.7611,94.3809,2542.0109,0.3320,8.6109
23,2.81092382,0.001003,48.552105,96.4699,2406.4419,96.4727,2542.9182,0.3391,8.6000
23.5,2.897128701,0.001003,47.185557,98.5614,2407.1225,98.5643,2543.8252,0.3462,8.5891
24,2.985633066,0.001003,45.862606,100.6528,2407.8029,100.6558,2544.7318,0.3532,8.5783
24.5,3.076488341,0.001003,44.581713,102.7441,2408.4830,102.7471,2545.6381,0.3602,8.5675
25,3.169746855,0.001003,43.341393,104.8352,2409.1628,104.8384,2546.5441,0.3673,8.5568
25.5,3.265461848,0.001003,42.140222,106.9262,2409.8424,106.9295,2547.4497,0.3743,8.5461
26,3.363687485,0.001003,40.976830,109.0171,2410.5217,109.0205,2548.3549,0.3813,8.5355
26.5,3.464478862,0.001003,39.849898,111.1079,2411.2007,111.1114,2549.2598,0.3882,8.5249
27,3.56789202,0.001004,38.758158,113.1986,2411.8794,113.2022,2550.1643,0.3952,8.5144
27.5,3.673983956,0.001004,37.700391,115.2892,2412.5579,115.2929,2551.0685,0.4022,8.5039
28,3.782812631,0.001004,36.675423,117.3797,2413.2360,117.3835,2551.9723,0.4091,8.4934
28.5,3.894436982,0.001004,35.682125,119.4702,2413.9139,119.4741,2552.8757,0.4161,8.4830
29,4.008916935,0.001004,34.719411,121.5605,2414.5915,121.5645,2553.7788,0.4230,8.4727
29.5,4.126313411,0.001004,33.786234,123.6507,2415.2689,123.6549,2554.6814,0.4299,8.4624
30,4.246688341,0.001004,32.881588,125.7409,2415.9459,125.7452,2555.5837,0.4368,8.4521
30.5,4.370104675,0.001005,32.004503,127.8310,2416.6226,127.8354,2556.4856,0.4437,8.4419
31,4.496626393,0.001005,31.154047,129.9210,2417.2990,129.9255,2557.3871,0.4506,8.4317
31.5,4.626318517,0.001005,30.329320,132.0110,2417.9752,132.0156,2558.2882,0.4574,8.4216
32,4.759247119,0.001005,29.529457,134.1009,2418.6510,134.1057,2559.1890,0.4643,8.4115
32.5,4.895479336,0.001005,28.753625,136.1907,2419.3265,136.1956,2560.0893,0.4711,8.4014
33,5.035083376,0.001005,28.001020,138.2805,2420.0017,138.2855,2560.9892,0.4780,8.3914
33.5,5.178128533,0.001006,27.270869,140.3702,2420.6766,140.3754,2561.8886,0.4848,8.3815
34,5.324685197,0.001006,26.562427,142.4599,2421.3512,142.4653,2562.7877,0.4916,8.3715
34.5,5.474824863,0.001006,25.874974,144.5495,2422.0254,144.5550,2563.6864,0.4984,8.3617
35,5.628620144,0.001006,25.207820,146.6391,2422.6993,146.6448,2564.5846,0.5052,8.3518
35.5,5.786144782,0.001006,24.560296,148.7287,2423.3729,148.7345,2565.4824,0.5119,8.3420
36,5.947473657,0.001006,23.931759,150.8182,2424.0462,150.8242,2566.3797,0.5187,8.3323
36.5,6.1126828,0.001007,23.321590,152.9077,2424.7192,152.9139,2567.2767,0.5255,8.3225
37,6.281849402,0.001007,22.729190,154.9972,2425.3918,155.0035,2568.1731,0.5322,8.3129
37.5,6.455051829,0.001007,22.153982,157.0866,2426.0641,157.0931,2569.0692,0.5389,8.3032
38,6.632369626,0.001007,21.595411,159.1761,2426.7360,159.1827,2569.9647,0.5457,8.2936
38.5,6.813883535,0.001007,21.052940,161.2655,2427.4076,161.2723,2570.8598,0.5524,8.2841
39,6.999675502,0.001007,20.526052,163.3549,2428.0788,163.3619,2571.7545,0.5591,8.2746
39.5,7.18982869,0.001008,20.014247,165.4442,2428.7497,165.4515,2572.6487,0.5658,8.2651
40,7.384427487,0.001008,19.517044,167.5336,2429.4202,167.5410,2573.5424,0.5724,8.2557
40.5,7.583557521,0.001008,19.033978,169.6230,2430.0904,169.6306,2574.4357,0.5791,8.2463
41,7.787305669,0.001008,18.564600,171.7123,2430.7602,171.7202,2575.3284,0.5858,8.2369
41.5,7.995760065,0.001008,18.108479,173.8017,2431.4297,173.8098,2576.2207,0.5924,8.2276
42,8.209010116,0.001009,17.665195,175.8911,2432.0987,175.8993,2577.1125,0.5990,8.2183
42.5,8.427146512,0.001009,17.234345,177.9804,2432.7674,177.9889,2578.0038,0.6057,8.2091
43,8.650261233,0.001009,16.815540,180.0698,2433.4358,180.0785,2578.8946,0.6123,8.1999
43.5,8.878447563,0.001009,16.408403,182.1592,2434.1037,182.1682,2579.7849,0.6189,8.1907
44,9.111800102,0.001009,16.012572,184.2486,2434.7713,184.2578,2580.6746,0.6255,8.1816
44.5,9.350414774,0.001010,15.627696,186.3380,2435.4385,186.3475,2581.5639,0.6321,8.1725
45,9.594388839,0.001010,15.253436,188.4275,2436.1053,188.4372,2582.4526,0.6386,8.1634
45.5,9.843820905,0.001010,14.889463,190.5170,2436.7717,190.5269,2583.3409,0.6452,8.1544
46,10.09881094,0.001010,14.535463,192.6065,2437.4377,192.6167,2584.2285,0.6517,8.1454
46.5,10.35946027,0.001011,14.191130,194.6960,2438.1032,194.7064,2585.1157,0.6583,8.1365
47,10.62587162,0.001011,13.856168,196.7855,2438.7684,196.7963,2586.0023,0.6648,8.1276
47.5,10.89814908,0.001011,13.530292,198.8751,2439.4332,198.8861,2586.8884,0.6713,8.1187
48,11.17639816,0.001011,13.213226,200.9648,2440.0976,200.9761,2587.7739,0.6778,8.1099
48.5,11.46072578,0.001011,12.904704,203.0544,2440.7615,203.0660,2588.6588,0.6843,8.1011
49,11.75124028,0.001012,12.604468,205.1441,2441.4251,205.1560,2589.5432,0.6908,8.0923
49.5,12.04805143,0.001012,12.312268,207.2339,2442.0882,207.2461,2590.4270,0.6973,8.0836
50,12.35127043,0.001012,12.027864,209.3237,2442.7509,209.3362,2591.3103,0.7038,8.0749
50.5,12.66100997,0.001012,11.751023,211.4136,2443.4131,211.4264,2592.1929,0.7103,8.0663
51,12.97738418,0.001013,11.481519,213.5035,2444.0749,213.5166,2593.0750,0.7167,8.0576
51.5,13.30050866,0.001013,11.219135,215.5934,2444.7363,215.6069,2593.9565,0.7232,8.0490
52,13.6305005,0.001013,10.963660,217.6835,2445.3972,217.6973,2594.8374,0.7296,8.0405
52.5,13.96747831,0.001013,10.714889,219.7736,2446.0577,219.7877,2595.7177,0.7360,8.0320
53,14.31156218,0.001014,10.472626,221.8637,2446.7177,221.8782,2596.5973,0.7424,8.0235
53.5,14.66287373,0.001014,10.236680,223.9539,2447.3773,223.9688,2597.4764,0.7488,8.0150
54,15.02153609,0.001014,10.006865,226.0442,2448.0363,226.0594,2598.3548,0.7552,8.0066
54.5,15.38767394,0.001014,9.783003,228.1346,2448.6950,228.1502,2599.2326,0.7616,7.9982
55,15.76141353,0.001015,9.564921,230.2250,2449.3531,230.2410,2600.1098,0.7680,7.9899
55.5,16.14288263,0.001015,9.352452,232.3155,2450.0108,232.3319,2600.9864,0.7743,7.9816
56,16.5322106,0.001015,9.145433,234.4061,2450.6680,234.4229,2601.8622,0.7807,7.9733
56.5,16.92952837,0.001015,8.943707,236.4968,2451.3247,236.5140,2602.7375,0.7870,7.9650
57,17.33496846,0.001016,8.747123,238.5876,2451.9810,238.6052,2603.6121,0.7934,7.9568
57.5,17.74866501,0.001016,8.555532,240.6784,2452.6367,240.6965,2604.4860,0.7997,7.9486
58,18.17075374,0.001016,8.368793,242.7694,2453.2920,242.7878,2605.3592,0.8060,7.9405
58.5,18.60137199,0.001016,8.186768,244.8604,2453.9467,244.8793,2606.2318,0.8123,7.9324
59,19.04065876,0.001017,8.009322,246.9515,2454.6009,246.9709,2607.1037,0.8186,7.9243
59.5,19.48875464,0.001017,7.836327,249.0428,2455.2546,249.0626,2607.9749,0.8249,7.9162
60,19.94580192,0.001017,7.667656,251.1341,2455.9079,251.1544,2608.8454,0.8312,7.9082
60.5,20.41194452,0.001017,7.503189,253.2255,2456.5605,253.2463,2609.7152,0.8375,7.9002
61,20.88732802,0.001018,7.342806,255.3171,2457.2127,255.3383,2610.5843,0.8438,7.8922
61.5,21.37209971,0.001018,7.186395,257.4087,2457.8643,257.4305,2611.4527,0.8500,7.8843
62,21.86640853,0.001018,7.033844,259.5005,2458.5154,259.5228,2612.3203,0.8563,7.8764
62.5,22.37040513,0.001018,6.885047,261.5924,2459.1660,261.6152,2613.1872,0.8625,7.8685
63,22.88424189,0.001019,6.739899,263.6844,2459.8160,263.7077,2614.0534,0.8687,7.8607
63.5,23.40807288,0.001019,6.598299,265.7765,2460.4654,265.8004,2614.9189,0.8749,7.8529
64,23.94205389,0.001019,6.460150,267.8687,2461.1143,267.8931,2615.7836,0.8811,7.8451
64.5,24.48634248,0.001020,6.325357,269.9611,2461.7627,269.9861,2616.6475,0.8874,7.8373
65,25.0410979,0.001020,6.193828,272.0536,2462.4104,272.0791,2617.5107,0.8935,7.8296
65.5,25.60648121,0.001020,6.065474,274.1462,2463.0576,274.1723,2618.3731,0.8997,7.8219
66,26.1826552,0.001020,5.940209,276.2390,2463.7043,276.2657,2619.2347,0.9059,7.8142
66.5,26.76978443,0.001021,5.817949,278.3318,2464.3503,278.3592,2620.0955,0.9121,7.8066
67,27.36803525,0.001021,5.698612,280.4249,2464.9958,280.4528,2620.9556,0.9182,7.7990
67.5,27.9775758,0.001021,5.582120,282.5180,2465.6406,282.5466,2621.8148,0.9244,7.7914
68,28.59857602,0.001022,5.468397,284.6113,2466.2849,284.6405,2622.6733,0.9305,7.7839
68.5,29.23120765,0.001022,5.357367,286.7048,2466.9286,286.7347,2623.5309,0.9366,7.7764
69,29.87564424,0.001022,5.248959,288.7984,2467.5717,288.8289,2624.3877,0.9428,7.7689
69.5,30.53206118,0.001022,5.143104,290.8921,2468.2141,290.9233,2625.2437,0.9489,7.7614
70,31.2006357,0.001023,5.039733,292.9860,2468.8560,293.0179,2626.0988,0.9550,7.7540
70.5,31.88154684,0.001023,4.938780,295.0801,2469.4972,295.1127,2626.9531,0.9611,7.7466
71,32.57497551,0.001023,4.840182,297.1743,2470.1378,297.2076,2627.8066,0.9672,7.7392
71.5,33.28110449,0.001024,4.743876,299.2687,2470.7777,299.3027,2628.6592,0.9733,7.7319
72,34.00011842,0.001024,4.649803,301.3632,2471.4170,301.3980,2629.5109,0.9793,7.7245
72.5,34.73220379,0.001024,4.557903,303.4579,2472.0557,303.4935,2630.3617,0.9854,7.7172
73,35.47754901,0.001025,4.468120,305.5528,2472.6937,305.5891,2631.2117,0.9915,7.7100
73.5,36.23634437,0.001025,4.380400,307.6478,2473.3311,307.6849,2632.0608,0.9975,7.7027
74,37.00878206,0.001025,4.294687,309.7430,2473.9678,309.7810,2632.9090,1.0035,7.6955
74.5,37.79505616,0.001026,4.210931,311.8384,2474.6038,311.8772,2633.7562,1.0096,7.6883
75,38.59536269,0.001026,4.129081,313.9340,2475.2392,313.9736,2634.6026,1.0156,7.6812
75.5,39.40989958,0.001026,4.049088,316.0297,2475.8739,316.0701,2635.4481,1.0216,7.6740
76,40.23886672,0.001026,3.970904,318.1256,2476.5079,318.1669,2636.2926,1.0276,7.6669
76.5,41.08246589,0.001027,3.894482,320.2217,2477.1412,320.2639,2637.1362,1.0336,7.6599
77,41.94090086,0.001027,3.819778,322.3180,2477.7738,322.3611,2637.9788,1.0396,7.6528
77.5,42.81437734,0.001027,3.746749,324.4145,2478.4058,324.4585,2638.8205,1.0456,7.6458
78,43.70310299,0.001028,3.675351,326.5112,2479.0370,326.5561,2639.6612,1.0516,7.6388
78.5,44.60728747,0.001028,3.605543,328.6081,2479.6675,328.6539,2640.5010,1.0575,7.6318
79,45.52714238,0.001028,3.537285,330.7052,2480.2973,330.7520,2641.3397,1.0635,7.6248
79.5,46.46288133,0.001029,3.470539,332.8024,2480.9263,332.8502,2642.1775,1.0694,7.6179
80,47.41471993,0.001029,3.405265,334.8999,2481.5546,334.9487,2643.0143,1.0754,7.6110
80.5,48.38287575,0.001029,3.341429,336.9976,2482.1822,337.0474,2643.8502,1.0813,7.6041
81,49.3675684,0.001030,3.278992,339.0955,2482.8091,339.1463,2644.6849,1.0873,7.5973
81.5,50.3690195,0.001030,3.217921,341.1936,2483.4352,341.2455,2645.5187,1.0932,7.5905
82,51.38745267,0.001030,3.158183,343.2919,2484.0605,343.3448,2646.3515,1.0991,7.5837
82.5,52.42309357,0.001031,3.099742,345.3904,2484.6851,345.4444,2647.1832,1.1050,7.5769
83,53.47616991,0.001031,3.042569,347.4891,2485.3089,347.5443,2648.0139,1.1109,7.5701
83.5,54.54691139,0.001031,2.986632,349.5881,2485.9319,349.6444,2648.8435,1.1168,7.5634
84,55.63554982,0.001032,2.931899,351.6873,2486.5542,351.7447,2649.6720,1.1227,7.5567
84.5,56.74231902,0.001032,2.878343,353.7867,2487.1757,353.8453,2650.4995,1.1285,7.5500
85,57.86745487,0.001032,2.825933,355.8863,2487.7964,355.9461,2651.3259,1.1344,7.5434
85.5,59.01119534,0.001033,2.774643,357.9862,2488.4162,358.0471,2652.1513,1.1403,7.5367
86,60.17378046,0.001033,2.724445,360.0863,2489.0353,360.1485,2652.9755,1.1461,7.5301
86.5,61.35545233,0.001033,2.675313,362.1866,2489.6536,362.2500,2653.7986,1.1520,7.5235
87,62.55645514,0.001034,2.627221,364.2872,2490.2710,364.3519,2654.6206,1.1578,7.5170
87.5,63.77703519,0.001034,2.580143,366.3880,2490.8876,366.4540,2655.4415,1.1636,7.5104
88,65.01744083,0.001035,2.534056,368.4891,2491.5034,368.5563,2656.2613,1.1694,7.5039
88.5,66.27792257,0.001035,2.488936,370.5904,2492.1184,370.6589,2657.0799,1.1753,7.4974
89,67.55873297,0.001035,2.444760,372.6919,2492.7325,372.7618,2657.8973,1.1811,7.4909
89.5,68.86012676,0.001036,2.401505,374.7937,2493.3457,374.8650,2658.7136,1.1869,7.4845
90,70.18236074,0.001036,2.359149,376.8957,2493.9581,376.9684,2659.5288,1.1927,7.4781
90.5,71.52569387,0.001036,2.317672,378.9980,2494.5696,379.0722,2660.3428,1.1984,7.4717
91,72.89038723,0.001037,2.277052,381.1006,2495.1803,381.1762,2661.1555,1.2042,7.4653
91.5,74.27670401,0.001037,2.237270,383.2034,2495.7901,383.2804,2661.9671,1.2100,7.4589
92,75.68490959,0.001037,2.198305,385.3065,2496.3990,385.3850,2662.7775,1.2158,7.4526
92.5,77.11527145,0.001038,2.160139,387.4098,2497.0070,387.4899,2663.5867,1.2215,7.4463
93,78.56805924,0.001038,2.122752,389.5134,2497.6141,389.5950,2664.3946,1.2273,7.4400
93.5,80.04354479,0.001039,2.086127,391.6173,2498.2203,391.7004,2665.2013,1.2330,7.4337
94,81.54200204,0.001039,2.050246,393.7215,2498.8256,393.8062,2666.0068,1.2387,7.4275
94.5,83.06370715,0.001039,2.015092,395.8259,2499.4299,395.9122,2666.8110,1.2445,7.4212
95,84.6089384,0.001040,1.980648,397.9306,2500.0334,398.0185,2667.6139,1.2502,7.4150
95.5,86.17797629,0.001040,1.946898,400.0356,2500.6359,400.1252,2668.4156,1.2559,7.4088
96,87.77110347,0.001040,1.913825,402.1408,2501.2375,402.2321,2669.2160,1.2616,7.4027
96.5,89.3886048,0.001041,1.881415,404.2464,2501.8381,404.3394,2670.0152,1.2673,7.3965
97,91.0307673,0.001041,1.849652,406.3522,2502.4378,406.4470,2670.8130,1.2730,7.3904
97.5,92.69788021,0.001042,1.818521,408.4583,2503.0365,408.5549,2671.6095,1.2787,7.3843
98,94.39023494,0.001042,1.788008,410.5647,2503.6342,410.6631,2672.4047,1.2844,7.3782
98.5,96.10812514,0.001042,1.758099,412.6714,2504.2310,412.7716,2673.1985,1.2900,7.3721
99,97.85184664,0.001043,1.728780,414.7784,2504.8267,414.8805,2673.9910,1.2957,7.3661
99.5,99.62169748,0.001043,1.700038,416.8857,2505.4215,416.9896,2674.7822,1.3014,7.3601
100,101.4179779,0.001043,1.671861,418.9933,2506.0153,419.0992,2675.5720,1.3070,7.3541
100.5,103.2409904,0.001044,1.644234,421.1012,2506.6081,421.2090,2676.3605,1.3127,7.3481
101,105.0910398,0.001044,1.617147,423.2094,2507.1999,423.3192,2677.1475,1.3183,7.3421
101.5,106.9684328,0.001045,1.590587,425.3180,2507.7906,425.4297,2677.9332,1.3239,7.3362
102,108.8734786,0.001045,1.564542,427.4268,2508.3803,427.5406,2678.7175,1.3296,7.3303
102.5,110.8064888,0.001045,1.539001,429.5360,2508.9690,429.6518,2679.5004,1.3352,7.3244
103,112.7677768,0.001046,1.513953,431.6454,2509.5567,431.7634,2680.2818,1.3408,7.3185
103.5,114.7576585,0.001046,1.489387,433.7552,2510.1433,433.8753,2681.0619,1.3464,7.3126
104,116.7764522,0.001047,1.465292,435.8653,2510.7288,435.9875,2681.8405,1.3520,7.3068
104.5,118.824478,0.001047,1.441658,437.9757,2511.3133,438.1001,2682.6176,1.3576,7.3009
105,120.9020586,0.001047,1.418475,440.0865,2511.8967,440.2131,2683.3933,1.3632,7.2951
105.5,123.0095189,0.001048,1.395733,442.1976,2512.4791,442.3265,2684.1675,1.3687,7.2893
106,125.147186,0.001048,1.373422,444.3090,2513.0603,444.4402,2684.9402,1.3743,7.2836
106.5,127.3153892,0.001049,1.351534,446.4207,2513.6404,446.5543,2685.7115,1.3799,7.2778
107,129.5144603,0.001049,1.330058,448.5328,2514.2195,448.6687,2686.4812,1.3854,7.2721
107.5,131.744733,0.001049,1.308986,450.6453,2514.7974,450.7835,2687.2495,1.3910,7.2664
108,134.0065436,0.001050,1.288310,452.7580,2515.3743,452.8987,2688.0162,1.3965,7.2607
108.5,136.3002304,0.001050,1.268020,454.8711,2515.9500,455.0143,2688.7814,1.4021,7.2550
109,138.6261343,0.001051,1.248109,456.9846,2516.5245,457.1303,2689.5450,1.4076,7.2493
109.5,140.9845982,0.001051,1.228568,459.0984,2517.0979,459.2466,2690.3071,1.4131,7.2437
110,143.3759672,0.001052,1.209390,461.2126,2517.6702,461.3634,2691.0676,1.4187,7.2380
110.5,145.8005891,0.001052,1.190566,463.3271,2518.2414,463.4805,2691.8266,1.4242,7.2324
111,148.2588136,0.001052,1.172090,465.4420,2518.8113,465.5980,2692.5840,1.4297,7.2268
111.5,150.7509927,0.001053,1.153954,467.5572,2519.3801,467.7159,2693.3398,1.4352,7.2213
112,153.277481,0.001053,1.136150,469.6728,2519.9477,469.8343,2694.0939,1.4407,7.2157
112.5,155.838635,0.001054,1.118672,471.7888,2520.5141,471.9530,2694.8465,1.4462,7.2102
113,158.4348137,0.001054,1.101513,473.9051,2521.0794,474.0721,2695.5975,1.4517,7.2047
113.5,161.0663785,0.001055,1.084667,476.0218,2521.6434,476.1917,2696.3468,1.4571,7.1991
114,163.7336928,0.001055,1.068126,478.1389,2522.2062,478.3116,2697.0944,1.4626,7.1937
114.5,166.4371224,0.001055,1.051884,480.2563,2522.7678,480.4320,2697.8404,1.4681,7.1882
115,169.1770357,0.001056,1.035936,482.3742,2523.3282,482.5528,2698.5848,1.4735,7.1827
115.5,171.9538029,0.001056,1.020274,484.4924,2523.8874,484.6740,2699.3274,1.4790,7.1773
116,174.7677968,0.001057,1.004894,486.6110,2524.4453,486.7957,2700.0684,1.4844,7.1719
116.5,177.6193925,0.001057,0.989789,488.7300,2525.0020,488.9178,2700.8077,1.4899,7.1665
117,180.5089674,0.001058,0.974954,490.8493,2525.5574,491.0403,2701.5453,1.4953,7.1611
117.5,183.436901,0.001058,0.960383,492.9691,2526.1115,493.1632,2702.2811,1.5008,7.1557
118,186.4035753,0.001059,0.946070,495.0893,2526.6644,495.2866,2703.0153,1.5062,7.1504
118.5,189.4093746,0.001059,0.932011,497.2098,2527.2160,497.4104,2703.7476,1.5116,7.1450
119,192.4546855,0.001059,0.918201,499.3308,2527.7663,499.5347,2704.4783,1.5170,7.1397
119.5,195.5398968,0.001060,0.904633,501.4522,2528.3153,501.6594,2705.2071,1.5224,7.1344
120,198.6653997,0.001060,0.891304,503.5739,2528.8630,503.7846,2705.9342,1.5278,7.1291
120.5,201.8315878,0.001061,0.878208,505.6961,2529.4094,505.9102,2706.6596,1.5332,7.1238
121,205.0388568,0.001061,0.865341,507.8187,2529.9545,508.0363,2707.3831,1.5386,7.1186
121.5,208.2876049,0.001062,0.852699,509.9417,2530.4982,510.1628,2708.1048,1.5440,7.1133
122,211.5782324,0.001062,0.840276,512.0651,2531.0406,512.2898,2708.8247,1.5494,7.1081
122.5,214.9111422,0.001063,0.828068,514.1889,2531.5817,514.4173,2709.5428,1.5547,7.1029
123,218.2867393,0.001063,0.816072,516.3132,2532.1214,516.5452,2710.2590,1.5601,7.0977
123.5,221.705431,0.001064,0.804282,518.4379,2532.6598,518.6737,2710.9734,1.5655,7.0925
124,225.1676271,0.001064,0.792695,520.5630,2533.1968,520.8026,2711.6860,1.5708,7.0873
124.5,228.6737395,0.001064,0.781306,522.6885,2533.7325,522.9319,2712.3967,1.5762,7.0822
125,232.2241827,0.001065,0.770112,524.8145,2534.2667,525.0618,2713.1055,1.5815,7.0770
125.5,235.8193731,0.001065,0.759110,526.9409,2534.7996,527.1922,2713.8124,1.5868,7.0719
126,239.4597298,0.001066,0.748294,529.0678,2535.3310,529.3230,2714.5174,1.5922,7.0668
126.5,243.145674,0.001066,0.737662,531.1951,2535.8611,531.4543,2715.2205,1.5975,7.0617
127,246.8776294,0.001067,0.727210,533.3228,2536.3898,533.5862,2715.9217,1.6028,7.0566
127.5,250.6560217,0.001067,0.716934,535.4510,2536.9170,535.7185,2716.6209,1.6081,7.0515
128,254.4812792,0.001068,0.706832,537.5796,2537.4428,537.8514,2717.3182,1.6134,7.0465
128.5,258.3538325,0.001068,0.696899,539.7087,2537.9672,539.9847,2718.0136,1.6188,7.0414
129,262.2741143,0.001069,0.687132,541.8383,2538.4901,542.1186,2718.7070,1.6240,7.0364
129.5,266.2425598,0.001069,0.677528,543.9683,2539.0116,544.2529,2719.3984,1.6293,7.0314
130,270.2596066,0.001070,0.668084,546.0987,2539.5316,546.3878,2720.0878,1.6346,7.0264
130.5,274.3256943,0.001070,0.658798,548.2297,2540.0501,548.5233,2720.7753,1.6399,7.0214
131,278.4412651,0.001071,0.649665,550.3611,2540.5672,550.6592,2721.4607,1.6452,7.0165
131.5,282.6067633,0.001071,0.640683,552.4930,2541.0828,552.7957,2722.1441,1.6505,7.0115
132,286.8226358,0.001072,0.631849,554.6253,2541.5969,554.9327,2722.8255,1.6557,7.0066
132.5,291.0893315,0.001072,0.623161,556.7581,2542.1095,557.0702,2723.5049,1.6610,7.0016
133,295.4073018,0.001073,0.614614,558.8914,2542.6206,559.2083,2724.1822,1.6662,6.9967
133.5,299.7770003,0.001073,0.606208,561.0252,2543.1302,561.3469,2724.8575,1.6715,6.9918
134,304.198883,0.001074,0.597939,563.1595,2543.6383,563.4861,2725.5307,1.6767,6.9869
134.5,308.6734082,0.001074,0.589804,565.2943,2544.1448,565.6258,2726.2018,1.6820,6.9821
135,313.2010364,0.001075,0.581802,567.4295,2544.6498,567.7661,2726.8708,1.6872,6.9772
135.5,317.7822306,0.001075,0.573929,569.5653,2545.1533,569.9070,2727.5377,1.6924,6.9723
136,322.4174559,0.001076,0.566183,571.7015,2545.6552,572.0484,2728.2026,1.6977,6.9675
136.5,327.1071798,0.001076,0.558562,573.8383,2546.1556,574.1903,2728.8653,1.7029,6.9627
137,331.8518721,0.001077,0.551064,575.9756,2546.6544,576.3329,2729.5258,1.7081,6.9579
137.5,336.652005,0.001077,0.543685,578.1133,2547.1516,578.4760,2730.1843,1.7133,6.9531
138,341.5080528,0.001078,0.536425,580.2516,2547.6472,580.6197,2730.8405,1.7185,6.9483
138.5,346.4204923,0.001078,0.529280,582.3904,2548.1413,582.7639,2731.4947,1.7237,6.9435
139,351.3898024,0.001079,0.522249,584.5297,2548.6337,584.9088,2732.1466,1.7289,6.9388
139.5,356.4164644,0.001079,0.515329,586.6696,2549.1245,587.0542,2732.7964,1.7341,6.9340
140,361.500962,0.001080,0.508519,588.8099,2549.6138,589.2003,2733.4439,1.7393,6.9293
140.5,366.643781,0.001080,0.501817,590.9508,2550.1014,591.3469,2734.0893,1.7445,6.9245
141,371.8454096,0.001081,0.495220,593.0922,2550.5874,593.4941,2734.7325,1.7496,6.9198
141.5,377.1063384,0.001081,0.488726,595.2342,2551.0717,595.6420,2735.3734,1.7548,6.9151
142,382.42706,0.001082,0.482334,597.3767,2551.5544,597.7904,2736.0121,1.7600,6.9105
142.5,387.8080695,0.001082,0.476042,599.5197,2552.0355,599.9395,2736.6486,1.7651,6.9058
143,393.2498642,0.001083,0.469849,601.6633,2552.5149,602.0891,2737.2828,1.7703,6.9011
143.5,398.7529439,0.001083,0.463751,603.8074,2552.9926,604.2394,2737.9147,1.7754,6.8965
144,404.3178103,0.001084,0.457748,605.9521,2553.4687,606.3903,2738.5444,1.7806,6.8918
144.5,409.9449677,0.001085,0.451838,608.0973,2553.9431,608.5419,2739.1718,1.7857,6.8872
145,415.6349226,0.001085,0.446019,610.2431,2554.4158,610.6941,2739.7968,1.7909,6.8826
145.5,421.3881837,0.001086,0.440290,612.3894,2554.8868,612.8469,2740.4196,1.7960,6.8780
146,427.205262,0.001086,0.434648,614.5363,2555.3561,615.0003,2741.0401,1.8011,6.8734
146.5,433.0866708,0.001087,0.429093,616.6838,2555.8236,617.1544,2741.6582,1.8062,6.8688
147,439.0329258,0.001087,0.423623,618.8319,2556.2895,619.3092,2742.2740,1.8114,6.8642
147.5,445.0445446,0.001088,0.418236,620.9805,2556.7536,621.4646,2742.8875,1.8165,6.8597
148,451.1220475,0.001088,0.412931,623.1297,2557.2161,623.6207,2743.4986,1.8216,6.8551
148.5,457.2659569,0.001089,0.407707,625.2795,2557.6767,625.7774,2744.1073,1.8267,6.8506
149,463.4767973,0.001089,0.402562,627.4299,2558.1356,627.9348,2744.7136,1.8318,6.8461
149.5,469.7550956,0.001090,0.397494,629.5808,2558.5928,630.0928,2745.3176,1.8369,6.8415
150,476.1013811,0.001091,0.392502,631.7324,2559.0482,632.2516,2745.9191,1.8420,6.8370
150.5,482.5161851,0.001091,0.387586,633.8845,2559.5018,634.4110,2746.5183,1.8470,6.8325
151,489.0000413,0.001092,0.382743,636.0373,2559.9537,636.5711,2747.1150,1.8521,6.8281
151.5,495.5534856,0.001092,0.377972,638.1906,2560.4037,638.7318,2747.7093,1.8572,6.8236
152,502.1770562,0.001093,0.373273,640.3446,2560.8520,640.8933,2748.3012,1.8623,6.8191
152.5,508.8712936,0.001093,0.368644,642.4991,2561.2985,643.0555,2748.8906,1.8673,6.8147
153,515.6367403,0.001094,0.364083,644.6543,2561.7431,645.2184,2749.4775,1.8724,6.8102
153.5,522.4739413,0.001094,0.359589,646.8101,2562.1860,647.3819,2750.0620,1.8774,6.8058
154,529.3834438,0.001095,0.355162,648.9665,2562.6270,649.5462,2750.6440,1.8825,6.8014
154.5,536.3657971,0.001096,0.350800,651.1236,2563.0662,651.7112,2751.2235,1.8875,6.7970
155,543.4215528,0.001096,0.346503,653.2813,2563.5035,653.8769,2751.8005,1.8926,6.7926
155.5,550.5512649,0.001097,0.342268,655.4396,2563.9390,656.0434,2752.3750,1.8976,6.7882
156,557.7554894,0.001097,0.338095,657.5985,2564.3726,658.2106,2752.9470,1.9027,6.7838
156.5,565.0347846,0.001098,0.333983,659.7581,2564.8044,660.3785,2753.5164,1.9077,6.7794
157,572.3897111,0.001098,0.329931,661.9183,2565.2343,662.5471,2754.0833,1.9127,6.7751
157.5,579.8208316,0.001099,0.325937,664.0792,2565.6624,664.7165,2754.6476,1.9177,6.7707
158,587.3287112,0.001100,0.322002,666.2408,2566.0885,666.8866,2755.2094,1.9228,6.7664
158.5,594.9139169,0.001100,0.318123,668.4030,2566.5127,669.0575,2755.7685,1.9278,6.7620
159,602.5770183,0.001101,0.314300,670.5658,2566.9351,671.2291,2756.3251,1.9328,6.7577
159.5,610.318587,0.001101,0.310532,672.7293,2567.3555,673.4015,2756.8791,1.9378,6.7534
160,618.1391967,0.001102,0.306818,674.8935,2567.7740,675.5747,2757.4305,1.9428,6.7491
160.5,626.0394236,0.001103,0.303158,677.0584,2568.1906,677.7486,2757.9793,1.9478,6.7448
161,634.019846,0.001103,0.299549,679.2239,2568.6053,679.9233,2758.5254,1.9528,6.7405
161.5,642.0810441,0.001104,0.295992,681.3901,2569.0180,682.0988,2759.0689,1.9578,6.7363
162,650.2236008,0.001104,0.292486,683.5570,2569.4287,684.2751,2759.6098,1.9627,6.7320
162.5,658.4481008,0.001105,0.289029,685.7246,2569.8375,686.4521,2760.1480,1.9677,6.7277
163,666.7551313,0.001106,0.285621,687.8929,2570.2444,688.6300,2760.6835,1.9727,6.7235
163.5,675.1452813,0.001106,0.282261,690.0618,2570.6492,690.8087,2761.2163,1.9777,6.7192
164,683.6191424,0.001107,0.278948,692.2315,2571.0521,692.9881,2761.7464,1.9826,6.7150
164.5,692.1773081,0.001107,0.275682,694.4019,2571.4530,695.1684,2762.2738,1.9876,6.7108
165,700.8203742,0.001108,0.272462,696.5730,2571.8519,697.3495,2762.7985,1.9926,6.7066
165.5,709.5489387,0.001109,0.269286,698.7448,2572.2488,699.5314,2763.3205,1.9975,6.7024
166,718.3636016,0.001109,0.266155,700.9173,2572.6436,701.7141,2763.8398,2.0025,6.6982
166.5,727.2649655,0.001110,0.263067,703.0905,2573.0365,703.8977,2764.3562,2.0074,6.6940
167,736.2536346,0.001110,0.260023,705.2645,2573.4273,706.0821,2764.8700,2.0123,6.6898
167.5,745.3302156,0.001111,0.257020,707.4392,2573.8161,708.2674,2765.3809,2.0173,6.6857
168,754.4953174,0.001112,0.254059,709.6147,2574.2028,710.4535,2765.8891,2.0222,6.6815
168.5,763.7495509,0.001112,0.251139,711.7908,2574.5875,712.6404,2766.3944,2.0272,6.6774
169,773.0935292,0.001113,0.248258,713.9677,2574.9701,714.8282,2766.8970,2.0321,6.6732
169.5,782.5278677,0.001114,0.245418,716.1454,2575.3506,717.0169,2767.3967,2.0370,6.6691
170,792.0531837,0.001114,0.242616,718.3238,2575.7290,719.2064,2767.8937,2.0419,6.6649
170.5,801.6700968,0.001115,0.239852,720.5030,2576.1054,721.3968,2768.3877,2.0468,6.6608
171,811.3792289,0.001116,0.237126,722.6830,2576.4797,723.5881,2768.8789,2.0518,6.6567
171.5,821.1812036,0.001116,0.234437,724.8637,2576.8518,725.7803,2769.3673,2.0567,6.6526
172,831.0766472,0.001117,0.231785,727.0452,2577.2218,727.9733,2769.8528,2.0616,6.6485
172.5,841.0661876,0.001117,0.229168,729.2274,2577.5897,730.1673,2770.3354,2.0665,6.6444
173,851.1504552,0.001118,0.226587,731.4105,2577.9555,732.3621,2770.8150,2.0714,6.6404
173.5,861.3300824,0.001119,0.224040,733.5943,2578.3191,734.5579,2771.2918,2.0763,6.6363
174,871.6057037,0.001119,0.221528,735.7789,2578.6806,736.7546,2771.7657,2.0811,6.6322
174.5,881.9779559,0.001120,0.219049,737.9643,2579.0399,738.9522,2772.2366,2.0860,6.6282
175,892.4474777,0.001121,0.216604,740.1505,2579.3970,741.1507,2772.7045,2.0909,6.6241
175.5,903.01491,0.001121,0.214191,742.3375,2579.7520,743.3501,2773.1695,2.0958,6.6201
176,913.6808958,0.001122,0.211810,744.5253,2580.1048,745.5505,2773.6316,2.1007,6.6161
176.5,924.4460803,0.001123,0.209461,746.7140,2580.4554,747.7518,2774.0906,2.1055,6.6120
177,935.3111107,0.001123,0.207143,748.9034,2580.8037,749.9541,2774.5467,2.1104,6.6080
177.5,946.2766364,0.001124,0.204855,751.0937,2581.1499,752.1573,2774.9997,2.1153,6.6040
178,957.3433088,0.001125,0.202598,753.2848,2581.4938,754.3615,2775.4498,2.1201,6.6000
178.5,968.5117816,0.001125,0.200371,755.4768,2581.8355,756.5667,2775.8968,2.1250,6.5960
179,979.7827103,0.001126,0.198172,757.6695,2582.1749,758.7728,2776.3407,2.1298,6.5920
179.5,991.1567528,0.001127,0.196003,759.8632,2582.5121,760.9799,2776.7816,2.1347,6.5880
180,1002.634569,0.001127,0.193862,762.0576,2582.8471,763.1880,2777.2194,2.1395,6.5841
180.5,1014.21682,0.001128,0.191748,764.2530,2583.1797,765.3971,2777.6541,2.1444,6.5801
181,1025.904171,0.001129,0.189663,766.4492,2583.5101,767.6071,2778.0858,2.1492,6.5761
181.5,1037.697288,0.001129,0.187604,768.6462,2583.8382,769.8182,2778.5143,2.1541,6.5722
182,1049.596839,0.001130,0.185572,770.8441,2584.1640,772.0303,2778.9397,2.1589,6.5682
182.5,1061.603494,0.001131,0.183566,773.0429,2584.4874,774.2434,2779.3620,2.1637,6.5643
183,1073.717925,0.001132,0.181586,775.2426,2584.8086,776.4575,2779.7811,2.1685,6.5604
183.5,1085.940807,0.001132,0.179632,777.4432,2585.1274,778.6727,2780.1971,2.1734,6.5565
184,1098.272816,0.001133,0.177703,779.6446,2585.4439,780.8888,2780.6099,2.1782,6.5525
184.5,1110.714632,0.001134,0.175798,781.8470,2585.7580,783.1061,2781.0195,2.1830,6.5486
185,1123.266934,0.001134,0.173918,784.0502,2586.0698,785.3243,2781.4259,2.1878,6.5447
185.5,1135.930405,0.001135,0.172062,786.2544,2586.3792,787.5436,2781.8291,2.1926,6.5408
186,1148.70573,0.001136,0.170229,788.4594,2586.6862,789.7640,2782.2291,2.1974,6.5369
186.5,1161.593596,0.001136,0.168419,790.6654,2586.9908,791.9855,2782.6258,2.2022,6.5330
187,1174.594691,0.001137,0.166633,792.8723,2587.2930,794.2080,2783.0193,2.2070,6.5292
187.5,1187.709708,0.001138,0.164869,795.0802,2587.5928,796.4316,2783.4095,2.2118,6.5253
188,1200.939337,0.001139,0.163127,797.2889,2587.8902,798.6563,2783.7964,2.2166,6.5214
188.5,1214.284275,0.001139,0.161408,799.4986,2588.1852,800.8820,2784.1800,2.2214,6.5176
189,1227.745219,0.001140,0.159710,801.7093,2588.4777,803.1089,2784.5603,2.2262,6.5137
189.5,1241.322867,0.001141,0.158033,803.9209,2588.7677,805.3369,2784.9373,2.2310,6.5098
190,1255.017921,0.001141,0.156377,806.1335,2589.0553,807.5660,2785.3110,2.2358,6.5060
190.5,1268.831084,0.001142,0.154742,808.3470,2589.3404,809.7962,2785.6813,2.2406,6.5022
191,1282.76306,0.001143,0.153127,810.5615,2589.6231,812.0276,2786.0483,2.2453,6.4983
191.5,1296.814559,0.001144,0.151532,812.7770,2589.9032,814.2601,2786.4118,2.2501,6.4945
192,1310.986287,0.001144,0.149957,814.9934,2590.1808,816.4937,2786.7720,2.2549,6.4907
192.5,1325.278958,0.001145,0.148401,817.2109,2590.4559,818.7285,2787.1288,2.2596,6.4869
193,1339.693283,0.001146,0.146865,819.4293,2590.7285,820.9644,2787.4821,2.2644,6.4831
193.5,1354.229979,0.001147,0.145347,821.6487,2590.9985,823.2015,2787.8321,2.2692,6.4793
194,1368.889763,0.001147,0.143848,823.8692,2591.2660,825.4398,2788.1785,2.2739,6.4755
194.5,1383.673354,0.001148,0.142368,826.0906,2591.5309,827.6792,2788.5215,2.2787,6.4717
195,1398.581473,0.001149,0.140905,828.3131,2591.7933,829.9199,2788.8610,2.2834,6.4679
195.5,1413.614844,0.001150,0.139461,830.5366,2592.0530,832.1617,2789.1971,2.2882,6.4641
196,1428.774192,0.001150,0.138034,832.7611,2592.3102,834.4047,2789.5296,2.2929,6.4603
196.5,1444.060245,0.001151,0.136624,834.9867,2592.5648,836.6489,2789.8586,2.2977,6.4566
197,1459.473732,0.001152,0.135232,837.2133,2592.8167,838.8944,2790.1840,2.3024,6.4528
197.5,1475.015385,0.001153,0.133856,839.4409,2593.0660,841.1411,2790.5059,2.3072,6.4490
198,1490.685936,0.001153,0.132497,841.6696,2593.3126,843.3890,2790.8242,2.3119,6.4453
198.5,1506.486122,0.001154,0.131154,843.8994,2593.5566,845.6381,2791.1390,2.3166,6.4415
199,1522.416679,0.001155,0.129828,846.1302,2593.7980,847.8885,2791.4501,2.3213,6.4378
199.5,1538.478347,0.001156,0.128517,848.3621,2594.0366,850.1402,2791.7577,2.3261,6.4340
200,1554.671868,0.001157,0.127222,850.5951,2594.2726,852.3931,2792.0616,2.3308,6.4303
200.5,1570.997985,0.001157,0.125943,852.8291,2594.5059,854.6472,2792.3618,2.3355,6.4266
201,1587.457443,0.001158,0.124679,855.0643,2594.7364,856.9027,2792.6584,2.3402,6.4228
201.5,1604.05099,0.001159,0.123429,857.3006,2594.9642,859.1594,2792.9513,2.3450,6.4191
202,1620.779374,0.001160,0.122195,859.5379,2595.1893,861.4175,2793.2405,2.3497,6.4154
202.5,1637.643348,0.001160,0.120975,861.7764,2595.4116,863.6768,2793.5260,2.3544,6.4117
203,1654.643665,0.001161,0.119770,864.0160,2595.6312,865.9375,2793.8078,2.3591,6.4080
203.5,1671.78108,0.001162,0.118579,866.2568,2595.8480,868.1994,2794.0859,2.3638,6.4043
204,1689.05635,0.001163,0.117402,868.4986,2596.0620,870.4627,2794.3601,2.3685,6.4006
204.5,1706.470235,0.001164,0.116238,870.7416,2596.2732,872.7274,2794.6306,2.3732,6.3969
205,1724.023495,0.001164,0.115089,872.9858,2596.4816,874.9933,2794.8974,2.3779,6.3932
205.5,1741.716895,0.001165,0.113953,875.2311,2596.6871,877.2607,2795.1603,2.3826,6.3895
206,1759.551199,0.001166,0.112830,877.4776,2596.8898,879.5294,2795.4194,2.3873,6.3858
206.5,1777.527174,0.001167,0.111720,879.7252,2597.0897,881.7994,2795.6746,2.3920,6.3821
207,1795.64559,0.001168,0.110623,881.9740,2597.2867,884.0709,2795.9260,2.3967,6.3785
207.5,1813.907218,0.001169,0.109538,884.2241,2597.4808,886.3437,2796.1735,2.4014,6.3748
208,1832.312831,0.001169,0.108467,886.4752,2597.6721,888.6179,2796.4171,2.4060,6.3711
208.5,1850.863204,0.001170,0.107407,888.7276,2597.8604,890.8935,2796.6568,2.4107,6.3675
209,1869.559115,0.001171,0.106360,890.9812,2598.0458,893.1706,2796.8926,2.4154,6.3638
209.5,1888.401341,0.001172,0.105325,893.2361,2598.2283,895.4490,2797.1245,2.4201,6.3602
210,1907.390664,0.001173,0.104302,895.4921,2598.4078,897.7289,2797.3523,2.4248,6.3565
210.5,1926.527868,0.001174,0.103290,897.7494,2598.5844,900.0103,2797.5763,2.4294,6.3529
211,1945.813737,0.001174,0.102290,900.0079,2598.7580,902.2930,2797.7962,2.4341,6.3492
211.5,1965.249057,0.001175,0.101302,902.2676,2598.9286,904.5773,2798.0121,2.4388,6.3456
212,1984.834619,0.001176,0.100325,904.5286,2599.0962,906.8630,2798.2239,2.4434,6.3420
212.5,2004.571212,0.001177,0.099358,906.7909,2599.2608,909.1502,2798.4318,2.4481,6.3383
213,2024.45963,0.001178,0.098403,909.0544,2599.4224,911.4388,2798.6355,2.4528,6.3347
213.5,2044.500667,0.001179,0.097459,911.3192,2599.5809,913.7290,2798.8352,2.4574,6.3311
214,2064.695121,0.001180,0.096525,913.5853,2599.7364,916.0207,2799.0308,2.4621,6.3275
214.5,2085.043789,0.001180,0.095602,915.8527,2599.8888,918.3139,2799.2222,2.4667,6.3238
215,2105.547472,0.001181,0.094689,918.1214,2600.0381,920.6086,2799.4096,2.4714,6.3202
215.5,2126.206974,0.001182,0.093786,920.3913,2600.1844,922.9048,2799.5927,2.4760,6.3166
216,2147.023099,0.001183,0.092893,922.6626,2600.3275,925.2026,2799.7717,2.4807,6.3130
216.5,2167.996654,0.001184,0.092011,924.9353,2600.4675,927.5019,2799.9465,2.4853,6.3094
217,2189.128446,0.001185,0.091138,927.2092,2600.6043,929.8029,2800.1171,2.4900,6.3058
217.5,2210.419287,0.001186,0.090275,929.4845,2600.7380,932.1053,2800.2834,2.4946,6.3022
218,2231.869989,0.001187,0.089421,931.7612,2600.8686,934.4094,2800.4455,2.4993,6.2986
218.5,2253.481366,0.001187,0.088577,934.0392,2600.9959,936.7151,2800.6033,2.5039,6.2950
219,2275.254236,0.001188,0.087743,936.3185,2601.1200,939.0223,2800.7569,2.5085,6.2914
219.5,2297.189417,0.001189,0.086917,938.5993,2601.2410,941.3312,2800.9061,2.5132,6.2878
220,2319.287728,0.001190,0.086101,940.8814,2601.3587,943.6417,2801.0510,2.5178,6.2842
220.5,2341.549992,0.001191,0.085293,943.1649,2601.4731,945.9538,2801.1916,2.5224,6.2807
221,2363.977035,0.001192,0.084495,945.4498,2601.5843,948.2676,2801.3277,2.5271,6.2771
221.5,2386.569681,0.001193,0.083705,947.7361,2601.6922,950.5831,2801.4595,2.5317,6.2735
222,2409.32876,0.001194,0.082924,950.0239,2601.7968,952.9002,2801.5869,2.5363,6.2699
222.5,2432.255101,0.001195,0.082151,952.3131,2601.8981,955.2189,2801.7099,2.5410,6.2664
223,2455.349538,0.001196,0.081386,954.6037,2601.9961,957.5394,2801.8284,2.5456,6.2628
223.5,2478.612903,0.001197,0.080630,956.8957,2602.0908,959.8616,2801.9425,2.5502,6.2592
224,2502.046035,0.001198,0.079883,959.1892,2602.1821,962.1855,2802.0521,2.5548,6.2557
224.5,2525.64977,0.001198,0.079143,961.4842,2602.2700,964.5111,2802.1571,2.5594,6.2521
225,2549.424949,0.001199,0.078411,963.7806,2602.3545,966.8384,2802.2577,2.5641,6.2485
225.5,2573.372415,0.001200,0.077687,966.0786,2602.4357,969.1675,2802.3536,2.5687,6.2450
226,2597.493011,0.001201,0.076971,968.3780,2602.5134,971.4983,2802.4451,2.5733,6.2414
226.5,2621.787585,0.001202,0.076263,970.6789,2602.5877,973.8309,2802.5319,2.5779,6.2379
227,2646.256983,0.001203,0.075562,972.9813,2602.6585,976.1653,2802.6141,2.5825,6.2343
227.5,2670.902057,0.001204,0.074868,975.2853,2602.7259,978.5015,2802.6917,2.5871,6.2308
228,2695.723658,0.001205,0.074182,977.5908,2602.7897,980.8394,2802.7646,2.5917,6.2272
228.5,2720.722641,0.001206,0.073504,979.8978,2602.8501,983.1792,2802.8328,2.5963,6.2237
229,2745.899863,0.001207,0.072832,982.2064,2602.9069,985.5208,2802.8964,2.6009,6.2201
229.5,2771.256181,0.001208,0.072168,984.5165,2602.9603,987.8643,2802.9552,2.6055,6.2166
230,2796.792456,0.001209,0.071510,986.8282,2603.0100,990.2095,2803.0093,2.6102,6.2131
230.5,2822.50955,0.001210,0.070860,989.1415,2603.0562,992.5567,2803.0586,2.6148,6.2095
231,2848.408328,0.001211,0.070216,991.4563,2603.0988,994.9057,2803.1032,2.6194,6.2060
231.5,2874.489655,0.001212,0.069579,993.7728,2603.1378,997.2566,2803.1429,2.6239,6.2024
232,2900.754401,0.001213,0.068949,996.0909,2603.1731,999.6094,2803.1778,2.6285,6.1989
232.5,2927.203437,0.001214,0.068326,998.4106,2603.2049,1001.9641,2803.2078,2.6331,6.1954
233,2953.837633,0.001215,0.067709,1000.7319,2603.2329,1004.3208,2803.2330,2.6377,6.1918
233.5,2980.657866,0.001216,0.067098,1003.0549,2603.2573,1006.6793,2803.2532,2.6423,6.1883
234,3007.665011,0.001217,0.066494,1005.3796,2603.2780,1009.0399,2803.2686,2.6469,6.1848
234.5,3034.859948,0.001218,0.065896,1007.7059,2603.2949,1011.4023,2803.2790,2.6515,6.1813
235,3062.243557,0.001219,0.065304,1010.0338,2603.3082,1013.7668,2803.2844,2.6561,6.1777
235.5,3089.816721,0.001220,0.064718,1012.3635,2603.3177,1016.1332,2803.2848,2.6607,6.1742
236,3117.580325,0.001221,0.064138,1014.6949,2603.3234,1018.5017,2803.2802,2.6653,6.1707
236.5,3145.535256,0.001222,0.063565,1017.0279,2603.3253,1020.8721,2803.2706,2.6699,6.1672
237,3173.682403,0.001223,0.062997,1019.3627,2603.3234,1023.2446,2803.2559,2.6744,6.1636
237.5,3202.022657,0.001224,0.062435,1021.6992,2603.3177,1025.6191,2803.2361,2.6790,6.1601
238,3230.556911,0.001225,0.061879,1024.0375,2603.3081,1027.9957,2803.2112,2.6836,6.1566
238.5,3259.286061,0.001226,0.061328,1026.3775,2603.2947,1030.3743,2803.1812,2.6882,6.1531
239,3288.211005,0.001227,0.060783,1028.7193,2603.2774,1032.7550,2803.1460,2.6928,6.1496
239.5,3317.332641,0.001228,0.060244,1031.0628,2603.2561,1035.1378,2803.1056,2.6974,6.1460
240,3346.651872,0.001229,0.059710,1033.4082,2603.2310,1037.5228,2803.0600,2.7019,6.1425
240.5,3376.1696,0.001231,0.059182,1035.7553,2603.2019,1039.9098,2803.0091,2.7065,6.1390
241,3405.886734,0.001232,0.058658,1038.1043,2603.1688,1042.2990,2802.9530,2.7111,6.1355
241.5,3435.804179,0.001233,0.058141,1040.4551,2603.1317,1044.6903,2802.8916,2.7157,6.1320
242,3465.922848,0.001234,0.057628,1042.8077,2603.0907,1047.0838,2802.8249,2.7203,6.1285
242.5,3496.243651,0.001235,0.057121,1045.1622,2603.0456,1049.4795,2802.7528,2.7248,6.1249
243,3526.767505,0.001236,0.056618,1047.5185,2602.9964,1051.8774,2802.6754,2.7294,6.1214
243.5,3557.495324,0.001237,0.056121,1049.8767,2602.9432,1054.2775,2802.5925,2.7340,6.1179
244,3588.42803,0.001238,0.055628,1052.2368,2602.8859,1056.6798,2802.5043,2.7385,6.1144
244.5,3619.566541,0.001239,0.055141,1054.5988,2602.8245,1059.0843,2802.4106,2.7431,6.1109
245,3650.911783,0.001240,0.054658,1056.9627,2602.7589,1061.4911,2802.3114,2.7477,6.1074
245.5,3682.46468,0.001241,0.054180,1059.3286,2602.6892,1063.9002,2802.2067,2.7523,6.1039
246,3714.22616,0.001243,0.053707,1061.6963,2602.6153,1066.3116,2802.0965,2.7568,6.1003
246.5,3746.197154,0.001244,0.053239,1064.0661,2602.5372,1068.7253,2801.9807,2.7614,6.0968
247,3778.378593,0.001245,0.052775,1066.4378,2602.4549,1071.1413,2801.8593,2.7660,6.0933
247.5,3810.771412,0.001246,0.052316,1068.8114,2602.3683,1073.5596,2801.7323,2.7705,6.0898
248,3843.376547,0.001247,0.051861,1071.1871,2602.2775,1075.9803,2801.5997,2.7751,6.0863
248.5,3876.194939,0.001248,0.051411,1073.5648,2602.1823,1078.4033,2801.4614,2.7797,6.0828
249,3909.227527,0.001249,0.050965,1075.9445,2602.0829,1080.8287,2801.3173,2.7843,6.0793
249.5,3942.475256,0.001251,0.050524,1078.3262,2601.9791,1083.2566,2801.1676,2.7888,6.0757
250,3975.939071,0.001252,0.050087,1080.7100,2601.8709,1085.6868,2801.0121,2.7934,6.0722
250.5,4009.619921,0.001253,0.049654,1083.0958,2601.7584,1088.1195,2800.8508,2.7980,6.0687
251,4043.518755,0.001254,0.049225,1085.4837,2601.6415,1090.5546,2800.6836,2.8025,6.0652
251.5,4077.636528,0.001255,0.048800,1087.8738,2601.5201,1092.9922,2800.5107,2.8071,6.0617
252,4111.974194,0.001256,0.048380,1090.2659,2601.3942,1095.4323,2800.3318,2.8117,6.0582
252.5,4146.532711,0.001258,0.047964,1092.6601,2601.2639,1097.8749,2800.1470,2.8162,6.0546
253,4181.313038,0.001259,0.047551,1095.0565,2601.1291,1100.3200,2799.9563,2.8208,6.0511
253.5,4216.316138,0.001260,0.047143,1097.4550,2600.9897,1102.7677,2799.7596,2.8254,6.0476
254,4251.542976,0.001261,0.046739,1099.8557,2600.8457,1105.2179,2799.5569,2.8299,6.0441
254.5,4286.994518,0.001262,0.046338,1102.2586,2600.6972,1107.6707,2799.3481,2.8345,6.0405
255,4322.671735,0.001264,0.045941,1104.6637,2600.5441,1110.1260,2799.1333,2.8391,6.0370
255.5,4358.575598,0.001265,0.045548,1107.0710,2600.3863,1112.5840,2798.9124,2.8436,6.0335
256,4394.707082,0.001266,0.045159,1109.4805,2600.2239,1115.0446,2798.6853,2.8482,6.0300
256.5,4431.067163,0.001267,0.044774,1111.8923,2600.0568,1117.5079,2798.4520,2.8527,6.0264
257,4467.656822,0.001269,0.044392,1114.3063,2599.8849,1119.9738,2798.2126,2.8573,6.0229
257.5,4504.477039,0.001270,0.044014,1116.7226,2599.7083,1122.4425,2797.9669,2.8619,6.0194
258,4541.5288,0.001271,0.043639,1119.1412,2599.5270,1124.9138,2797.7149,2.8664,6.0158
258.5,4578.813091,0.001272,0.043268,1121.5622,2599.3408,1127.3879,2797.4567,2.8710,6.0123
259,4616.330902,0.001274,0.042900,1123.9854,2599.1498,1129.8647,2797.1920,2.8756,6.0088
259.5,4654.083225,0.001275,0.042536,1126.4110,2598.9540,1132.3443,2796.9210,2.8801,6.0052
260,4692.071054,0.001276,0.042175,1128.8389,2598.7533,1134.8266,2796.6436,2.8847,6.0017
260.5,4730.295388,0.001277,0.041818,1131.2693,2598.5476,1137.3118,2796.3598,2.8893,5.9981
261,4768.757224,0.001279,0.041464,1133.7020,2598.3370,1139.7998,2796.0694,2.8939,5.9946
261.5,4807.457567,0.001280,0.041113,1136.1372,2598.1214,1142.2907,2795.7726,2.8984,5.9911
262,4846.397422,0.001281,0.040766,1138.5747,2597.9009,1144.7844,2795.4691,2.9030,5.9875
262.5,4885.577796,0.001283,0.040422,1141.0148,2597.6753,1147.2810,2795.1591,2.9076,5.9840
263,4924.999699,0.001284,0.040081,1143.4573,2597.4446,1149.7806,2794.8424,2.9121,5.9804
263.5,4964.664145,0.001285,0.039743,1145.9023,2597.2088,1152.2830,2794.5191,2.9167,5.9769
264,5004.572151,0.001287,0.039408,1148.3498,2596.9679,1154.7885,2794.1890,2.9213,5.9733
264.5,5044.724734,0.001288,0.039077,1150.7998,2596.7219,1157.2969,2793.8522,2.9258,5.9697
265,5085.122917,0.001289,0.038748,1153.2524,2596.4706,1159.8083,2793.5086,2.9304,5.9662
265.5,5125.767723,0.001291,0.038422,1155.7075,2596.2141,1162.3227,2793.1582,2.9350,5.9626
266,5166.66018,0.001292,0.038100,1158.1653,2595.9524,1164.8402,2792.8008,2.9396,5.9590
266.5,5207.801318,0.001293,0.037780,1160.6256,2595.6854,1167.3608,2792.4366,2.9441,5.9555
267,5249.192169,0.001295,0.037463,1163.0886,2595.4131,1169.8845,2792.0654,2.9487,5.9519
267.5,5290.83377,0.001296,0.037150,1165.5542,2595.1354,1172.4112,2791.6873,2.9533,5.9483
268,5332.727159,0.001297,0.036839,1168.0224,2594.8523,1174.9412,2791.3020,2.9579,5.9448
268.5,5374.873378,0.001299,0.036530,1170.4934,2594.5637,1177.4743,2790.9097,2.9624,5.9412
269,5417.273471,0.001300,0.036225,1172.9671,2594.2697,1180.0106,2790.5103,2.9670,5.9376
269.5,5459.928486,0.001302,0.035922,1175.4434,2593.9703,1182.5501,2790.1037,2.9716,5.9340
270,5502.839474,0.001303,0.035622,1177.9226,2593.6652,1185.0928,2789.6899,2.9762,5.9304
270.5,5546.007488,0.001304,0.035325,1180.4045,2593.3547,1187.6388,2789.2688,2.9808,5.9268
271,5589.433584,0.001306,0.035031,1182.8892,2593.0385,1190.1882,2788.8404,2.9853,5.9232
271.5,5633.118824,0.001307,0.034739,1185.3768,2592.7166,1192.7408,2788.4046,2.9899,5.9196
272,5677.064268,0.001309,0.034450,1187.8671,2592.3891,1195.2968,2787.9615,2.9945,5.9160
272.5,5721.270985,0.001310,0.034163,1190.3604,2592.0558,1197.8562,2787.5109,2.9991,5.9124
273,5765.740042,0.001312,0.033879,1192.8565,2591.7168,1200.4189,2787.0528,3.0037,5.9088
273.5,5810.472513,0.001313,0.033597,1195.3555,2591.3720,1202.9851,2786.5872,3.0083,5.9052
274,5855.469473,0.001315,0.033318,1197.8575,2591.0214,1205.5548,2786.1140,3.0129,5.9016
274.5,5900.732001,0.001316,0.033041,1200.3624,2590.6648,1208.1279,2785.6331,3.0175,5.8980
275,5946.26118,0.001318,0.032767,1202.8703,2590.3024,1210.7046,2785.1446,3.0221,5.8943
275.5,5992.058095,0.001319,0.032495,1205.3812,2589.9340,1213.2848,2784.6483,3.0266,5.8907
276,6038.123834,0.001321,0.032226,1207.8951,2589.5596,1215.8686,2784.1442,3.0312,5.8871
276.5,6084.459492,0.001322,0.031959,1210.4121,2589.1791,1218.4560,2783.6323,3.0358,5.8834
277,6131.066163,0.001324,0.031694,1212.9322,2588.7925,1221.0470,2783.1124,3.0404,5.8798
277.5,6177.944946,0.001325,0.031432,1215.4554,2588.3998,1223.6416,2782.5846,3.0450,5.8761
278,6225.096946,0.001327,0.031172,1217.9817,2588.0010,1226.2400,2782.0488,3.0496,5.8725
278.5,6272.523267,0.001328,0.030914,1220.5112,2587.5959,1228.8421,2781.5050,3.0542,5.8688
279,6320.225021,0.001330,0.030658,1223.0438,2587.1845,1231.4479,2780.9530,3.0589,5.8652
279.5,6368.20332,0.001331,0.030405,1225.5797,2586.7668,1234.0576,2780.3928,3.0635,5.8615
280,6416.459282,0.001333,0.030154,1228.1189,2586.3428,1236.6710,2779.8245,3.0681,5.8578
280.5,6464.994028,0.001334,0.029905,1230.6612,2585.9123,1239.2883,2779.2478,3.0727,5.8542
281,6513.808682,0.001336,0.029658,1233.2069,2585.4754,1241.9095,2778.6628,3.0773,5.8505
281.5,6562.904374,0.001338,0.029413,1235.7560,2585.0320,1244.5346,2778.0693,3.0819,5.8468
282,6612.282235,0.001339,0.029171,1238.3083,2584.5820,1247.1636,2777.4674,3.0865,5.8431
282.5,6661.943402,0.001341,0.028930,1240.8641,2584.1254,1249.7967,2776.8570,3.0912,5.8394
283,6711.889015,0.001342,0.028692,1243.4233,2583.6622,1252.4338,2776.2380,3.0958,5.8357
283.5,6762.120217,0.001344,0.028455,1245.9859,2583.1923,1255.0749,2775.6103,3.1004,5.8320
284,6812.638157,0.001346,0.028221,1248.5520,2582.7156,1257.7201,2774.9739,3.1050,5.8283
284.5,6863.443987,0.001347,0.027988,1251.1216,2582.2320,1260.3694,2774.3287,3.1097,5.8246
285,6914.538863,0.001349,0.027758,1253.6948,2581.7417,1263.0230,2773.6747,3.1143,5.8208
285.5,6965.923946,0.001351,0.027529,1256.2715,2581.2444,1265.6807,2773.0117,3.1189,5.8171
286,7017.600399,0.001352,0.027303,1258.8518,2580.7401,1268.3426,2772.3398,3.1236,5.8134
286.5,7069.569392,0.001354,0.027078,1261.4358,2580.2288,1271.0089,2771.6588,3.1282,5.8096
287,7121.832098,0.001356,0.026855,1264.0234,2579.7104,1273.6794,2770.9687,3.1329,5.8059
287.5,7174.389694,0.001358,0.026634,1266.6148,2579.1848,1276.3543,2770.2694,3.1375,5.8021
288,7227.243362,0.001359,0.026415,1269.2098,2578.6521,1279.0337,2769.5609,3.1421,5.7984
288.5,7280.394288,0.001361,0.026198,1271.8087,2578.1121,1281.7174,2768.8430,3.1468,5.7946
289,7333.843662,0.001363,0.025982,1274.4114,2577.5647,1284.4056,2768.1157,3.1515,5.7908
289.5,7387.592681,0.001365,0.025769,1277.0179,2577.0100,1287.0984,2767.3790,3.1561,5.7870
290,7441.642544,0.001366,0.025557,1279.6283,2576.4479,1289.7957,2766.6326,3.1608,5.7832
290.5,7495.994455,0.001368,0.025347,1282.2426,2575.8782,1292.4976,2765.8767,3.1654,5.7794
291,7550.649623,0.001370,0.025138,1284.8608,2575.3010,1295.2042,2765.1110,3.1701,5.7756
291.5,7605.609264,0.001372,0.024932,1287.4831,2574.7161,1297.9155,2764.3356,3.1748,5.7718
292,7660.874595,0.001373,0.024727,1290.1094,2574.1235,1300.6315,2763.5503,3.1794,5.7680
292.5,7716.446841,0.001375,0.024523,1292.7398,2573.5232,1303.3523,2762.7550,3.1841,5.7642
293,7772.327231,0.001377,0.024322,1295.3742,2572.9150,1306.0779,2761.9497,3.1888,5.7603
293.5,7828.516997,0.001379,0.024121,1298.0129,2572.2989,1308.8084,2761.1343,3.1935,5.7565
294,7885.01738,0.001381,0.023923,1300.6557,2571.6749,1311.5438,2760.3087,3.1982,5.7526
294.5,7941.829624,0.001383,0.023726,1303.3027,2571.0428,1314.2842,2759.4729,3.2029,5.7488
295,7998.954977,0.001385,0.023531,1305.9541,2570.4026,1317.0297,2758.6266,3.2076,5.7449
295.5,8056.394695,0.001387,0.023337,1308.6097,2569.7542,1319.7801,2757.7699,3.2123,5.7410
296,8114.150038,0.001388,0.023145,1311.2697,2569.0975,1322.5358,2756.9027,3.2170,5.7372
296.5,8172.222271,0.001390,0.022955,1313.9341,2568.4325,1325.2965,2756.0248,3.2217,5.7333
297,8230.612666,0.001392,0.022766,1316.6030,2567.7591,1328.0626,2755.1361,3.2264,5.7294
297.5,8289.322499,0.001394,0.022578,1319.2764,2567.0772,1330.8338,2754.2367,3.2311,5.7255
298,8348.353053,0.001396,0.022392,1321.9543,2566.3868,1333.6105,2753.3263,3.2358,5.7215
298.5,8407.705616,0.001398,0.022208,1324.6368,2565.6877,1336.3925,2752.4050,3.2405,5.7176
299,8467.381482,0.001400,0.022025,1327.3239,2564.9798,1339.1799,2751.4725,3.2453,5.7137
299.5,8527.381951,0.001402,0.021843,1330.0157,2564.2632,1341.9728,2750.5288,3.2500,5.7097
300,8587.70833,0.001404,0.021663,1332.7123,2563.5377,1344.7713,2749.5737,3.2547,5.7058
300.5,8648.36193,0.001406,0.021484,1335.4136,2562.8031,1347.5754,2748.6073,3.2595,5.7018
301,8709.344069,0.001408,0.021307,1338.1198,2562.0596,1350.3852,2747.6293,3.2642,5.6978
301.5,8770.656074,0.001410,0.021131,1340.8308,2561.3068,1353.2007,2746.6397,3.2690,5.6938
302,8832.299274,0.001412,0.020956,1343.5468,2560.5448,1356.0220,2745.6384,3.2737,5.6898
302.5,8894.275007,0.001415,0.020783,1346.2678,2559.7735,1358.8491,2744.6252,3.2785,5.6858
303,8956.584618,0.001417,0.020611,1348.9939,2558.9928,1361.6822,2743.6001,3.2833,5.6818
303.5,9019.229457,0.001419,0.020441,1351.7250,2558.2025,1364.5212,2742.5629,3.2880,5.6778
304,9082.210882,0.001421,0.020272,1354.4613,2557.4026,1367.3663,2741.5135,3.2928,5.6737
304.5,9145.530257,0.001423,0.020104,1357.2028,2556.5930,1370.2175,2740.4517,3.2976,5.6697
305,9209.188954,0.001425,0.019937,1359.9495,2555.7736,1373.0748,2739.3776,3.3024,5.6656
305.5,9273.188352,0.001427,0.019772,1362.7016,2554.9442,1375.9384,2738.2909,3.3072,5.6615
306,9337.529835,0.001430,0.019608,1365.4591,2554.1049,1378.8083,2737.1915,3.3120,5.6575
306.5,9402.214798,0.001432,0.019445,1368.2220,2553.2554,1381.6846,2736.0793,3.3168,5.6534
307,9467.24464,0.001434,0.019283,1370.9905,2552.3957,1384.5674,2734.9542,3.3216,5.6492
307.5,9532.62077,0.001436,0.019123,1373.7645,2551.5256,1387.4566,2733.8160,3.3264,5.6451
308,9598.344603,0.001439,0.018964,1376.5442,2550.6451,1390.3525,2732.6646,3.3312,5.6410
308.5,9664.417564,0.001441,0.018806,1379.3295,2549.7540,1393.2550,2731.4999,3.3361,5.6368
309,9730.841082,0.001443,0.018649,1382.1206,2548.8522,1396.1643,2730.3217,3.3409,5.6327
309.5,9797.616599,0.001446,0.018493,1384.9176,2547.9396,1399.0804,2729.1299,3.3457,5.6285
310,9864.74556,0.001448,0.018339,1387.7205,2547.0161,1402.0034,2727.9243,3.3506,5.6243
310.5,9932.229423,0.001450,0.018186,1390.5293,2546.0816,1404.9334,2726.7049,3.3554,5.6201
311,10000.06965,0.001453,0.018033,1393.3442,2545.1358,1407.8705,2725.4713,3.3603,5.6159
311.5,10068.26772,0.001455,0.017882,1396.1652,2544.1788,1410.8147,2724.2235,3.3652,5.6117
312,10136.8251,0.001457,0.017732,1398.9924,2543.2103,1413.7662,2722.9614,3.3700,5.6074
312.5,10205.7433,0.001460,0.017584,1401.8258,2542.2303,1416.7250,2721.6847,3.3749,5.6031
313,10275.02381,0.001462,0.017436,1404.6656,2541.2386,1419.6912,2720.3933,3.3798,5.5989
313.5,10344.66813,0.001465,0.017289,1407.5119,2540.2350,1422.6649,2719.0870,3.3847,5.5946
314,10414.67779,0.001467,0.017144,1410.3646,2539.2194,1425.6463,2717.7657,3.3896,5.5903
314.5,10485.05432,0.001470,0.016999,1413.2239,2538.1917,1428.6353,2716.4291,3.3945,5.5860
315,10555.79924,0.001472,0.016856,1416.0898,2537.1516,1431.6321,2715.0772,3.3994,5.5816
315.5,10626.91412,0.001475,0.016713,1418.9626,2536.0992,1434.6367,2713.7097,3.4044,5.5773
316,10698.40049,0.001478,0.016572,1421.8421,2535.0341,1437.6494,2712.3264,3.4093,5.5729
316.5,10770.25994,0.001480,0.016431,1424.7286,2533.9563,1440.6702,2710.9271,3.4143,5.5685
317,10842.49404,0.001483,0.016292,1427.6221,2532.8655,1443.6991,2709.5116,3.4192,5.5641
317.5,10915.10437,0.001485,0.016154,1430.5227,2531.7616,1446.7364,2708.0798,3.4242,5.5597
318,10988.09253,0.001488,0.016016,1433.4305,2530.6445,1449.7820,2706.6314,3.4291,5.5553
318.5,11061.46014,0.001491,0.015880,1436.3456,2529.5139,1452.8362,2705.1662,3.4341,5.5508
319,11135.20882,0.001494,0.015744,1439.2682,2528.3697,1455.8990,2703.6840,3.4391,5.5463
319.5,11209.34018,0.001496,0.015610,1442.1982,2527.2116,1458.9706,2702.1846,3.4441,5.5418
320,11283.85589,0.001499,0.015476,1445.1358,2526.0396,1462.0510,2700.6677,3.4491,5.5373
320.5,11358.75758,0.001502,0.015343,1448.0811,2524.8533,1465.1404,2699.1331,3.4541,5.5328
321,11434.04694,0.001505,0.015211,1451.0343,2523.6526,1468.2390,2697.5805,3.4592,5.5282
321.5,11509.72563,0.001508,0.015081,1453.9954,2522.4372,1471.3468,2696.0098,3.4642,5.5237
322,11585.79535,0.001510,0.014951,1456.9645,2521.2070,1474.4640,2694.4206,3.4692,5.5191
322.5,11662.2578,0.001513,0.014821,1459.9418,2519.9618,1477.5907,2692.8127,3.4743,5.5145
323,11739.1147,0.001516,0.014693,1462.9274,2518.7013,1480.7270,2691.1859,3.4794,5.5098
323.5,11816.36778,0.001519,0.014566,1465.9214,2517.4252,1483.8732,2689.5398,3.4844,5.5052
324,11894.01878,0.001522,0.014439,1468.9239,2516.1334,1487.0293,2687.8741,3.4895,5.5005
324.5,11972.06945,0.001525,0.014314,1471.9352,2514.8256,1490.1955,2686.1886,3.4946,5.4958
325,12050.52156,0.001528,0.014189,1474.9552,2513.5016,1493.3719,2684.4830,3.4997,5.4911
325.5,12129.37691,0.001531,0.014065,1477.9841,2512.1610,1496.5588,2682.7570,3.5049,5.4863
326,12208.63728,0.001534,0.013941,1481.0222,2510.8037,1499.7562,2681.0102,3.5100,5.4816
326.5,12288.30448,0.001538,0.013819,1484.0695,2509.4293,1502.9644,2679.2424,3.5152,5.4768
327,12368.38036,0.001541,0.013697,1487.1262,2508.0375,1506.1835,2677.4532,3.5203,5.4719
327.5,12448.86674,0.001544,0.013577,1490.1924,2506.6282,1509.4138,2675.6422,3.5255,5.4671
328,12529.7655,0.001547,0.013457,1493.2683,2505.2009,1512.6553,2673.8091,3.5307,5.4622
328.5,12611.07849,0.001551,0.013337,1496.3542,2503.7554,1515.9082,2671.9535,3.5359,5.4573
329,12692.80761,0.001554,0.013219,1499.4500,2502.2913,1519.1729,2670.0751,3.5411,5.4524
329.5,12774.95477,0.001557,0.013101,1502.5561,2500.8084,1522.4494,2668.1735,3.5463,5.4475
330,12857.52189,0.001561,0.012984,1505.6726,2499.3063,1525.7380,2666.2483,3.5516,5.4425
330.5,12940.51091,0.001564,0.012868,1508.7997,2497.7846,1529.0389,2664.2991,3.5568,5.4375
331,13023.92378,0.001567,0.012752,1511.9376,2496.2430,1532.3524,2662.3254,3.5621,5.4324
331.5,13107.76249,0.001571,0.012637,1515.0865,2494.6812,1535.6786,2660.3269,3.5674,5.4274
332,13192.02903,0.001575,0.012523,1518.2467,2493.0987,1539.0178,2658.3031,3.5727,5.4223
332.5,13276.7254,0.001578,0.012410,1521.4182,2491.4952,1542.3703,2656.2535,3.5780,5.4171
333,13361.85364,0.001582,0.012297,1524.6014,2489.8703,1545.7363,2654.1776,3.5833,5.4120
333.5,13447.4158,0.001585,0.012185,1527.7965,2488.2236,1549.1160,2652.0751,3.5887,5.4068
334,13533.41394,0.001589,0.012073,1531.0038,2486.5546,1552.5098,2649.9454,3.5940,5.4016
334.5,13619.85017,0.001593,0.011962,1534.2234,2484.8629,1555.9180,2647.7880,3.5994,5.3963
335,13706.72658,0.001597,0.011852,1537.4556,2483.1481,1559.3407,2645.6023,3.6048,5.3910
335.5,13794.04531,0.001601,0.011743,1540.7008,2481.4098,1562.7784,2643.3879,3.6102,5.3857
336,13881.80852,0.001604,0.011634,1543.9592,2479.6473,1566.2314,2641.1441,3.6157,5.3803
336.5,13970.01838,0.001608,0.011525,1547.2311,2477.8604,1569.7000,2638.8705,3.6211,5.3749
337,14058.67708,0.001612,0.011418,1550.5167,2476.0484,1573.1844,2636.5664,3.6266,5.3694
337.5,14147.78684,0.001616,0.011311,1553.8165,2474.2108,1576.6852,2634.2312,3.6321,5.3640
338,14237.34992,0.001621,0.011204,1557.1307,2472.3472,1580.2026,2631.8643,3.6376,5.3584
338.5,14327.36857,0.001625,0.011098,1560.4596,2470.4570,1583.7370,2629.4651,3.6432,5.3529
339,14417.8451,0.001629,0.010993,1563.8037,2468.5395,1587.2889,2627.0329,3.6488,5.3473
339.5,14508.78181,0.001633,0.010888,1567.1632,2466.5944,1590.8586,2624.5670,3.6543,5.3416
340,14600.18106,0.001638,0.010784,1570.5386,2464.6208,1594.4466,2622.0667,3.6599,5.3359
340.5,14692.0452,0.001642,0.010680,1573.9302,2462.6184,1598.0532,2619.5315,3.6656,5.3302
341,14784.37665,0.001646,0.010577,1577.3384,2460.5863,1601.6791,2616.9604,3.6712,5.3244
341.5,14877.17782,0.001651,0.010474,1580.7638,2458.5240,1605.3245,2614.3527,3.6769,5.3186
342,14970.45116,0.001655,0.010372,1584.2066,2456.4308,1608.9901,2611.7078,3.6826,5.3127
342.5,15064.19917,0.001660,0.010271,1587.6674,2454.3061,1612.6764,2609.0247,3.6884,5.3067
343,15158.42434,0.001665,0.010170,1591.1466,2452.1490,1616.3838,2606.3027,3.6941,5.3008
343.5,15253.12923,0.001670,0.010069,1594.6447,2449.9590,1620.1129,2603.5409,3.6999,5.2947
344,15348.3164,0.001675,0.009969,1598.1622,2447.7353,1623.8644,2600.7385,3.7058,5.2886
344.5,15443.98846,0.001680,0.009869,1601.6996,2445.4771,1627.6387,2597.8946,3.7116,5.2825
345,15540.14805,0.001685,0.009770,1605.2575,2443.1836,1631.4365,2595.0082,3.7175,5.2763
345.5,15636.79785,0.001690,0.009671,1608.8365,2440.8540,1635.2584,2592.0785,3.7234,5.2700
346,15733.94056,0.001695,0.009573,1612.4371,2438.4875,1639.1052,2589.1044,3.7294,5.2637
346.5,15831.57892,0.001700,0.009475,1616.0599,2436.0832,1642.9774,2586.0850,3.7353,5.2573
347,15929.71572,0.001706,0.009377,1619.7055,2433.6404,1646.8757,2583.0193,3.7414,5.2509
347.5,16028.35377,0.001711,0.009280,1623.3746,2431.1580,1650.8010,2579.9063,3.7474,5.2444
348,16127.49593,0.001717,0.009184,1627.0678,2428.6351,1654.7540,2576.7448,3.7535,5.2378
348.5,16227.1451,0.001722,0.009087,1630.7859,2426.0709,1658.7353,2573.5338,3.7596,5.2312
349,16327.30421,0.001728,0.008992,1634.5295,2423.4643,1662.7459,2570.2721,3.7658,5.2245
349.5,16427.97626,0.001734,0.008896,1638.2994,2420.8143,1666.7866,2566.9585,3.7720,5.2177
350,16529.16425,0.001740,0.008801,1642.0963,2418.1200,1670.8582,2563.5920,3.7783,5.2109
350.5,16630.87127,0.001746,0.008707,1645.9572,2415.3996,1674.9991,2560.2044,3.7846,5.2040
351,16733.10044,0.001753,0.008612,1649.8188,2412.6054,1679.1440,2556.7187,3.7910,5.1970
351.5,16835.85492,0.001759,0.008518,1653.7118,2409.7597,1683.3248,2553.1718,3.7974,5.1899
352,16939.13792,0.001765,0.008424,1657.6375,2406.8608,1687.5426,2549.5618,3.8039,5.1828
352.5,17042.95273,0.001772,0.008331,1661.5968,2403.9070,1691.7989,2545.8865,3.8104,5.1755
353,17147.30265,0.001779,0.008237,1665.5912,2400.8964,1696.0951,2542.1439,3.8169,5.1681
353.5,17252.19108,0.001786,0.008144,1669.6218,2397.8269,1700.4325,2538.3315,3.8236,5.1607
354,17357.62146,0.001793,0.008051,1673.6902,2394.6966,1704.8129,2534.4469,3.8302,5.1531
354.5,17463.59728,0.001800,0.007959,1677.7977,2391.5031,1709.2378,2530.4873,3.8370,5.1454
355,17570.12211,0.001808,0.007866,1681.9460,2388.2439,1713.7092,2526.4500,3.8438,5.1377
355.5,17677.19959,0.001815,0.007774,1686.1369,2384.9164,1718.2290,2522.3317,3.8507,5.1298
356,17784.83341,0.001823,0.007681,1690.3721,2381.5178,1722.7993,2518.1292,3.8577,5.1218
356.5,17893.02736,0.001831,0.007589,1694.6537,2378.0451,1727.4223,2513.8391,3.8647,5.1137
357,18001.78529,0.001840,0.007497,1698.9838,2374.4950,1732.1004,2509.4573,3.8718,5.1054
357.5,18111.11114,0.001848,0.007405,1703.3647,2370.8641,1736.8363,2504.9799,3.8790,5.0970
358,18221.00893,0.001857,0.007313,1707.7989,2367.1483,1741.6329,2500.4023,3.8863,5.0885
358.5,18331.48278,0.001866,0.007221,1712.2892,2363.3438,1746.4931,2495.7197,3.8936,5.0798
359,18442.53691,0.001875,0.007129,1716.8385,2359.4458,1751.4204,2490.9269,3.9011,5.0709
359.5,18554.17564,0.001885,0.007037,1721.4500,2355.4496,1756.4184,2486.0180,3.9087,5.0619
360,18666.40342,0.001895,0.006945,1726.1274,2351.3498,1761.4911,2480.9869,3.9164,5.0527
360.5,18779.22481,0.001905,0.006853,1730.8744,2347.1405,1766.6430,2475.8267,3.9242,5.0434
361,18892.6445,0.001915,0.006760,1735.6955,2342.8152,1771.8788,2470.5297,3.9321,5.0338
361.5,19006.66735,0.001926,0.006667,1740.5953,2338.3668,1777.2041,2465.0878,3.9401,5.0240
362,19121.29836,0.001937,0.006574,1745.5792,2333.7874,1782.6246,2459.4916,3.9483,5.0140
362.5,19236.54272,0.001949,0.006481,1750.6529,2329.0683,1788.1472,2453.7309,3.9566,5.0037
363,19352.40583,0.001961,0.006387,1755.8233,2324.1995,1793.7793,2447.7943,3.9651,4.9932
363.5,19468.89332,0.001974,0.006292,1761.0976,2319.1701,1799.5293,2441.6688,3.9738,4.9824
364,19586.01105,0.001987,0.006197,1766.4844,2313.9676,1805.4068,2435.3400,3.9827,4.9714
364.5,19703.76521,0.002001,0.006101,1771.9933,2308.5779,1811.4225,2428.7914,3.9918,4.9599
365,19822.16232,0.002016,0.006004,1777.6353,2302.9848,1817.5891,2422.0041,4.0011,4.9482
365.5,19941.2093,0.002031,0.005907,1783.4231,2297.1697,1823.9209,2414.9566,4.0106,4.9360
366,20060.91356,0.002047,0.005808,1789.3718,2291.1111,1830.4347,2407.6236,4.0204,4.9235
366.5,20181.28307,0.002064,0.005708,1795.4987,2284.7837,1837.1505,2399.9759,4.0305,4.9104
367,20302.32651,0.002082,0.005606,1801.8248,2278.1576,1844.0916,2391.9785,4.0410,4.8968
367.5,20424.05339,0.002101,0.005503,1808.3751,2271.1970,1851.2866,2383.5899,4.0518,4.8827
368,20546.47433,0.002122,0.005398,1815.1803,2263.8584,1858.7700,2374.7596,4.0631,4.8679
368.5,20669.60125,0.002144,0.005290,1822.2783,2256.0886,1866.5846,2365.4254,4.0749,4.8523
369,20793.44788,0.002167,0.005179,1829.7168,2247.8202,1874.7847,2355.5096,4.0872,4.8358
369.5,20918.03021,0.002193,0.005065,1837.5578,2238.9674,1883.4400,2344.9121,4.1003,4.8183
370,21043.36732,0.002222,0.004946,1845.8830,2229.4170,1892.6433,2333.5017,4.1142,4.7996
370.5,21169.48252,0.002254,0.004822,1854.8042,2219.0150,1902.5211,2321.0998,4.1291,4.7794
371,21296.40504,0.002290,0.004691,1864.4810,2207.5437,1913.2541,2307.4538,4.1453,4.7573
371.5,21424.1727,0.002332,0.004551,1875.1531,2194.6778,1925.1139,2292.1870,4.1632,4.7327
372,21552.83605,0.002382,0.004398,1887.2076,2179.8954,1938.5399,2274.6952,4.1836,4.7046
372.5,21682.46544,0.002444,0.004226,1901.3395,2162.2671,1954.3209,2253.9034,4.2076,4.6716
373,21813.16315,0.002526,0.004021,1919.0255,2139.8401,1974.1350,2227.5559,4.2377,4.6299
373.5,21945.08602,0.002658,0.003745,1944.6298,2106.9682,2002.9501,2189.1435,4.2818,4.5697
373.946,22064,0.003104,0.003130,2018.7643,2022.6899,2087.2480,2091.7469,4.4116,4.4185
